{
    "Objects": [
        {
            "name": "GasMask_Filter",
            "pos": [
                8226.75,
                470.6600036621094,
                9027.400390625
            ],
            "ypr": [
                0.0,
                0.0,
                0.0
            ]
        },
        {
            "name": "GasMask_Filter",
            "pos": [
                8227.2001953125,
                470.6600036621094,
                9027.5498046875
            ],
            "ypr": [
                0.0,
                0.0,
                0.0
            ]
        },
        {
            "name": "GasMask_Filter",
            "pos": [
                8227.0498046875,
                470.6600036621094,
                9027.400390625
            ],
            "ypr": [
                0.0,
                0.0,
                0.0
            ]
        },
        {
            "name": "GasMask_Filter",
            "pos": [
                8226.900390625,
                470.6600036621094,
                9027.25
            ],
            "ypr": [
                0.0,
                0.0,
                0.0
            ]
        },
        {
            "name": "NBCBootsYellow",
            "pos": [
                8229.2998046875,
                472.0679931640625,
                9027.599609375
            ],
            "ypr": [
                -120.0,
                0.0,
                0.0
            ]
        },
        {
            "name": "NBCBootsYellow",
            "pos": [
                8229.099609375,
                472.0679931640625,
                9028.0
            ],
            "ypr": [
                -120.0,
                0.0,
                0.0
            ]
        },
        {
            "name": "NBCHoodYellow",
            "pos": [
                8229.3896484375,
                471.82000732421877,
                9027.66015625
            ],
            "ypr": [
                84.99998474121094,
                0.0,
                0.0
            ]
        },
        {
            "name": "NBCHoodYellow",
            "pos": [
                8229.3896484375,
                471.8599853515625,
                9027.66015625
            ],
            "ypr": [
                84.99998474121094,
                0.0,
                0.0
            ]
        },
        {
            "name": "NBCJacketYellow",
            "pos": [
                8229.3798828125,
                471.44000244140627,
                9027.5400390625
            ],
            "ypr": [
                -116.5,
                -16.99999237060547,
                -90.0
            ]
        },
        {
            "name": "NBCJacketYellow",
            "pos": [
                8229.400390625,
                471.44000244140627,
                9027.4501953125
            ],
            "ypr": [
                -116.5,
                -16.99999237060547,
                -90.0
            ]
        },
        {
            "name": "NBCGlovesGray",
            "pos": [
                8228.7197265625,
                471.2449951171875,
                9028.08984375
            ],
            "ypr": [
                139.99998474121095,
                89.9476547241211,
                179.99990844726563
            ]
        },
        {
            "name": "NBCHoodGray",
            "pos": [
                8228.98046875,
                471.7799987792969,
                9028.400390625
            ],
            "ypr": [
                64.99999237060547,
                0.0,
                0.0
            ]
        },
        {
            "name": "NBCPantsGray",
            "pos": [
                8228.900390625,
                470.8320007324219,
                9028.5
            ],
            "ypr": [
                63.49999237060547,
                -90.0,
                90.00001525878906
            ]
        },
        {
            "name": "NBCBootsGray",
            "pos": [
                8228.900390625,
                470.22900390625,
                9028.349609375
            ],
            "ypr": [
                -120.0,
                0.0,
                0.0
            ]
        },
        {
            "name": "NBCJacketGray",
            "pos": [
                8228.900390625,
                471.44000244140627,
                9028.349609375
            ],
            "ypr": [
                -116.5,
                -16.99999237060547,
                -90.0
            ]
        },
        {
            "name": "NBCGlovesYellow",
            "pos": [
                8229.099609375,
                471.57000732421877,
                9027.330078125
            ],
            "ypr": [
                139.99998474121095,
                89.95575714111328,
                -179.99990844726563
            ]
        },
        {
            "name": "NBCHoodYellow",
            "pos": [
                8229.3896484375,
                471.7799987792969,
                9027.66015625
            ],
            "ypr": [
                84.99998474121094,
                0.0,
                0.0
            ]
        },
        {
            "name": "NBCPantsYellow",
            "pos": [
                8229.3603515625,
                470.79998779296877,
                9027.7802734375
            ],
            "ypr": [
                63.49999237060547,
                -89.96043395996094,
                89.9999771118164
            ]
        },
        {
            "name": "NBCBootsYellow",
            "pos": [
                8229.2998046875,
                470.20001220703127,
                9027.599609375
            ],
            "ypr": [
                -120.0,
                0.0,
                0.0
            ]
        },
        {
            "name": "NBCJacketYellow",
            "pos": [
                8229.3603515625,
                471.3999938964844,
                9027.6298828125
            ],
            "ypr": [
                -116.5,
                -16.99999237060547,
                -90.0
            ]
        },
        {
            "name": "NBCBootsGray",
            "pos": [
                8228.919921875,
                472.0679931640625,
                9028.349609375
            ],
            "ypr": [
                -120.0,
                0.0,
                0.0
            ]
        },
        {
            "name": "NBCHoodGray",
            "pos": [
                8228.98046875,
                471.82000732421877,
                9028.400390625
            ],
            "ypr": [
                64.99999237060547,
                0.0,
                0.0
            ]
        },
        {
            "name": "NBCJacketGray",
            "pos": [
                8229.0,
                471.44000244140627,
                9028.2998046875
            ],
            "ypr": [
                -116.5,
                -16.99999237060547,
                -90.0
            ]
        },
        {
            "name": "NBCPantsGray",
            "pos": [
                8228.9404296875,
                470.8320007324219,
                9028.400390625
            ],
            "ypr": [
                63.49999237060547,
                -90.0,
                90.00001525878906
            ]
        },
        {
            "name": "NBCHoodGray",
            "pos": [
                8228.98046875,
                471.8599853515625,
                9028.400390625
            ],
            "ypr": [
                64.99999237060547,
                0.0,
                0.0
            ]
        },
        {
            "name": "NBCBootsGray",
            "pos": [
                8228.7197265625,
                472.0679931640625,
                9028.75
            ],
            "ypr": [
                -120.0,
                0.0,
                0.0
            ]
        },
        {
            "name": "NBCPantsGray",
            "pos": [
                8228.98046875,
                470.8320007324219,
                9028.2998046875
            ],
            "ypr": [
                63.49999237060547,
                -90.0,
                90.00001525878906
            ]
        },
        {
            "name": "NBCJacketGray",
            "pos": [
                8229.099609375,
                471.44000244140627,
                9028.25
            ],
            "ypr": [
                -116.5,
                -16.99999237060547,
                -90.0
            ]
        },
        {
            "name": "NBCGlovesGray",
            "pos": [
                8228.7197265625,
                471.57000732421877,
                9028.08984375
            ],
            "ypr": [
                139.99998474121095,
                89.97201538085938,
                179.99993896484376
            ]
        },
        {
            "name": "NBCGlovesGray",
            "pos": [
                8228.7197265625,
                470.9129943847656,
                9028.08984375
            ],
            "ypr": [
                139.99998474121095,
                89.97201538085938,
                179.99993896484376
            ]
        },
        {
            "name": "AirborneMask",
            "pos": [
                8228.5302734375,
                471.8819885253906,
                9028.66015625
            ],
            "ypr": [
                64.99999237060547,
                -87.00022888183594,
                179.99989318847657
            ]
        },
        {
            "name": "AirborneMask",
            "pos": [
                8228.5302734375,
                471.49700927734377,
                9028.66015625
            ],
            "ypr": [
                64.99999237060547,
                -87.00022888183594,
                179.99989318847657
            ]
        },
        {
            "name": "AirborneMask",
            "pos": [
                8228.5302734375,
                471.0790100097656,
                9028.66015625
            ],
            "ypr": [
                64.99999237060547,
                -86.99834442138672,
                -179.99989318847657
            ]
        },
        {
            "name": "GasMask_Filter",
            "pos": [
                8227.0498046875,
                470.6600036621094,
                9027.7001953125
            ],
            "ypr": [
                0.0,
                0.0,
                0.0
            ]
        },
        {
            "name": "GasMask_Filter",
            "pos": [
                8226.900390625,
                470.6600036621094,
                9027.5498046875
            ],
            "ypr": [
                0.0,
                0.0,
                0.0
            ]
        },
        {
            "name": "NBCGlovesYellow",
            "pos": [
                8229.099609375,
                471.2449951171875,
                9027.330078125
            ],
            "ypr": [
                139.99998474121095,
                89.9476547241211,
                179.99990844726563
            ]
        },
        {
            "name": "NBCGlovesYellow",
            "pos": [
                8229.099609375,
                470.9129943847656,
                9027.330078125
            ],
            "ypr": [
                139.99998474121095,
                89.9476547241211,
                179.99990844726563
            ]
        },
        {
            "name": "AirborneMask",
            "pos": [
                8228.5,
                470.6319885253906,
                9028.66015625
            ],
            "ypr": [
                64.99999237060547,
                -87.00022888183594,
                179.99989318847657
            ]
        },
        {
            "name": "AirborneMask",
            "pos": [
                8228.9697265625,
                471.885986328125,
                9027.919921875
            ],
            "ypr": [
                64.99999237060547,
                -86.99834442138672,
                -179.99989318847657
            ]
        },
        {
            "name": "AirborneMask",
            "pos": [
                8228.9697265625,
                471.4949951171875,
                9027.919921875
            ],
            "ypr": [
                64.99999237060547,
                -87.00022888183594,
                179.99989318847657
            ]
        },
        {
            "name": "AirborneMask",
            "pos": [
                8228.9697265625,
                471.0710144042969,
                9027.919921875
            ],
            "ypr": [
                64.99999237060547,
                -86.99834442138672,
                -179.99989318847657
            ]
        },
        {
            "name": "AirborneMask",
            "pos": [
                8228.9697265625,
                470.6134948730469,
                9027.919921875
            ],
            "ypr": [
                64.99999237060547,
                -87.00022888183594,
                179.99989318847657
            ]
        },
        {
            "name": "GasMask_Filter",
            "pos": [
                8227.349609375,
                470.6600036621094,
                9027.400390625
            ],
            "ypr": [
                0.0,
                0.0,
                0.0
            ]
        },
        {
            "name": "GasMask_Filter",
            "pos": [
                8227.2001953125,
                470.6600036621094,
                9027.25
            ],
            "ypr": [
                0.0,
                0.0,
                0.0
            ]
        },
        {
            "name": "GasMask_Filter",
            "pos": [
                8227.0498046875,
                470.6600036621094,
                9027.099609375
            ],
            "ypr": [
                0.0,
                0.0,
                0.0
            ]
        },
        {
            "name": "GasMask_Filter",
            "pos": [
                8227.5,
                470.6600036621094,
                9027.25
            ],
            "ypr": [
                0.0,
                0.0,
                0.0
            ]
        },
        {
            "name": "GasMask_Filter",
            "pos": [
                8227.349609375,
                470.6600036621094,
                9027.099609375
            ],
            "ypr": [
                0.0,
                0.0,
                0.0
            ]
        },
        {
            "name": "GasMask_Filter",
            "pos": [
                8227.2001953125,
                470.6600036621094,
                9026.9501953125
            ],
            "ypr": [
                0.0,
                0.0,
                0.0
            ]
        },
        {
            "name": "GasMask_Filter",
            "pos": [
                8227.650390625,
                470.6600036621094,
                9027.080078125
            ],
            "ypr": [
                0.0,
                0.0,
                0.0
            ]
        },
        {
            "name": "GasMask_Filter",
            "pos": [
                8227.5,
                470.6600036621094,
                9026.9501953125
            ],
            "ypr": [
                0.0,
                0.0,
                0.0
            ]
        },
        {
            "name": "GasMask_Filter",
            "pos": [
                8227.349609375,
                470.6600036621094,
                9026.7998046875
            ],
            "ypr": [
                0.0,
                0.0,
                0.0
            ]
        },
        {
            "name": "NBCPantsYellow",
            "pos": [
                8229.400390625,
                470.79998779296877,
                9027.6796875
            ],
            "ypr": [
                -116.5,
                -90.0,
                -89.9999771118164
            ]
        },
        {
            "name": "NBCPantsYellow",
            "pos": [
                8229.4404296875,
                470.79998779296877,
                9027.580078125
            ],
            "ypr": [
                63.49999237060547,
                -90.0,
                90.00001525878906
            ]
        },
        {
            "name": "Land_Village_HealthCare",
            "pos": [
                8227.830078125,
                473.1499938964844,
                9033.75
            ],
            "ypr": [
                -117.99996948242188,
                0.0,
                0.0
            ]
        },
        {
            "name": "BandageDressing",
            "pos": [
                8232.5,
                470.8999938964844,
                9035.3603515625
            ],
            "ypr": [
                -120.0,
                -90.0,
                179.9999542236328
            ]
        },
        {
            "name": "BandageDressing",
            "pos": [
                8232.5498046875,
                470.8999938964844,
                9035.259765625
            ],
            "ypr": [
                59.99999237060547,
                -90.0,
                -0.000049632551963441077
            ]
        },
        {
            "name": "BandageDressing",
            "pos": [
                8232.599609375,
                470.8999938964844,
                9035.16015625
            ],
            "ypr": [
                -120.0,
                -90.0,
                179.9999542236328
            ]
        },
        {
            "name": "BandageDressing",
            "pos": [
                8232.650390625,
                470.8999938964844,
                9035.0595703125
            ],
            "ypr": [
                59.99999237060547,
                -90.0,
                -0.000049632551963441077
            ]
        },
        {
            "name": "BandageDressing",
            "pos": [
                8232.7001953125,
                470.8999938964844,
                9034.9501953125
            ],
            "ypr": [
                59.99999237060547,
                -90.0,
                -0.000049632551963441077
            ]
        },
        {
            "name": "BandageDressing",
            "pos": [
                8232.75,
                470.8999938964844,
                9034.83984375
            ],
            "ypr": [
                59.99999237060547,
                -90.0,
                -0.000049632551963441077
            ]
        },
        {
            "name": "BandageDressing",
            "pos": [
                8232.330078125,
                470.8999938964844,
                9035.26953125
            ],
            "ypr": [
                -120.0,
                -90.0,
                179.9999542236328
            ]
        },
        {
            "name": "BandageDressing",
            "pos": [
                8232.3798828125,
                470.8999938964844,
                9035.169921875
            ],
            "ypr": [
                -120.0,
                -90.0,
                179.9999542236328
            ]
        },
        {
            "name": "BandageDressing",
            "pos": [
                8232.4296875,
                470.8999938964844,
                9035.0595703125
            ],
            "ypr": [
                -120.0,
                -90.0,
                179.9999542236328
            ]
        },
        {
            "name": "BandageDressing",
            "pos": [
                8232.48046875,
                470.8999938964844,
                9034.9501953125
            ],
            "ypr": [
                59.99999237060547,
                -90.0,
                -0.000049632551963441077
            ]
        },
        {
            "name": "BandageDressing",
            "pos": [
                8232.5302734375,
                470.8999938964844,
                9034.83984375
            ],
            "ypr": [
                59.99999237060547,
                -90.0,
                -0.000049632551963441077
            ]
        },
        {
            "name": "BandageDressing",
            "pos": [
                8232.580078125,
                470.8999938964844,
                9034.73046875
            ],
            "ypr": [
                59.99999237060547,
                -90.0,
                -0.000049632551963441077
            ]
        },
        {
            "name": "IodineTincture",
            "pos": [
                8232.099609375,
                470.95001220703127,
                9035.150390625
            ],
            "ypr": [
                69.99999237060547,
                0.0,
                0.0
            ]
        },
        {
            "name": "IodineTincture",
            "pos": [
                8232.1796875,
                470.95001220703127,
                9035.0
            ],
            "ypr": [
                69.99999237060547,
                0.0,
                0.0
            ]
        },
        {
            "name": "IodineTincture",
            "pos": [
                8232.259765625,
                470.95001220703127,
                9034.849609375
            ],
            "ypr": [
                69.99999237060547,
                0.0,
                0.0
            ]
        },
        {
            "name": "IodineTincture",
            "pos": [
                8232.33984375,
                470.95001220703127,
                9034.7001953125
            ],
            "ypr": [
                69.99999237060547,
                0.0,
                0.0
            ]
        },
        {
            "name": "IodineTincture",
            "pos": [
                8231.9296875,
                470.95001220703127,
                9035.0595703125
            ],
            "ypr": [
                69.99999237060547,
                0.0,
                0.0
            ]
        },
        {
            "name": "IodineTincture",
            "pos": [
                8232.009765625,
                470.95001220703127,
                9034.91015625
            ],
            "ypr": [
                69.99999237060547,
                0.0,
                0.0
            ]
        },
        {
            "name": "IodineTincture",
            "pos": [
                8232.08984375,
                470.95001220703127,
                9034.759765625
            ],
            "ypr": [
                69.99999237060547,
                0.0,
                0.0
            ]
        },
        {
            "name": "IodineTincture",
            "pos": [
                8232.169921875,
                470.95001220703127,
                9034.6103515625
            ],
            "ypr": [
                69.99999237060547,
                0.0,
                0.0
            ]
        },
        {
            "name": "PurificationTablets",
            "pos": [
                8223.650390625,
                470.8900146484375,
                9035.2998046875
            ],
            "ypr": [
                -109.9999771118164,
                -89.91376495361328,
                1.999996304512024
            ]
        },
        {
            "name": "PurificationTablets",
            "pos": [
                8223.7001953125,
                470.8900146484375,
                9035.150390625
            ],
            "ypr": [
                -109.9999771118164,
                -89.91606140136719,
                1.9999990463256837
            ]
        },
        {
            "name": "PurificationTablets",
            "pos": [
                8223.75,
                470.8900146484375,
                9035.0
            ],
            "ypr": [
                69.99999237060547,
                -90.0,
                -178.0
            ]
        },
        {
            "name": "PurificationTablets",
            "pos": [
                8223.7998046875,
                470.8900146484375,
                9034.849609375
            ],
            "ypr": [
                69.99999237060547,
                -90.0,
                -178.0
            ]
        },
        {
            "name": "PurificationTablets",
            "pos": [
                8223.849609375,
                470.8900146484375,
                9034.7001953125
            ],
            "ypr": [
                69.99999237060547,
                -90.0,
                -178.0
            ]
        },
        {
            "name": "FirstAidKit",
            "pos": [
                8231.7001953125,
                470.95001220703127,
                9034.900390625
            ],
            "ypr": [
                -28.000009536743165,
                -89.97201538085938,
                179.9999542236328
            ]
        },
        {
            "name": "FirstAidKit",
            "pos": [
                8231.7998046875,
                470.95001220703127,
                9034.7001953125
            ],
            "ypr": [
                -28.000009536743165,
                -89.97201538085938,
                179.99993896484376
            ]
        },
        {
            "name": "FirstAidKit",
            "pos": [
                8231.900390625,
                470.95001220703127,
                9034.5
            ],
            "ypr": [
                -28.000009536743165,
                -89.97201538085938,
                179.99993896484376
            ]
        },
        {
            "name": "VitaminBottle",
            "pos": [
                8223.2001953125,
                470.95001220703127,
                9035.150390625
            ],
            "ypr": [
                179.9999237060547,
                0.0,
                0.0
            ]
        },
        {
            "name": "VitaminBottle",
            "pos": [
                8223.25,
                470.95001220703127,
                9035.0
            ],
            "ypr": [
                179.9999237060547,
                0.0,
                0.0
            ]
        },
        {
            "name": "VitaminBottle",
            "pos": [
                8223.2998046875,
                470.95001220703127,
                9034.849609375
            ],
            "ypr": [
                -179.9999237060547,
                0.0,
                0.0
            ]
        },
        {
            "name": "VitaminBottle",
            "pos": [
                8223.349609375,
                470.95001220703127,
                9034.7001953125
            ],
            "ypr": [
                -179.9999237060547,
                0.0,
                0.0
            ]
        },
        {
            "name": "VitaminBottle",
            "pos": [
                8223.400390625,
                470.95001220703127,
                9034.5498046875
            ],
            "ypr": [
                -179.9999237060547,
                0.0,
                0.0
            ]
        },
        {
            "name": "BloodBagEmpty",
            "pos": [
                8230.75,
                470.9700012207031,
                9023.849609375
            ],
            "ypr": [
                -25.00001335144043,
                90.0,
                179.99998474121095
            ]
        },
        {
            "name": "BloodBagEmpty",
            "pos": [
                8230.900390625,
                470.9700012207031,
                9023.9404296875
            ],
            "ypr": [
                -25.00001335144043,
                90.0,
                179.99998474121095
            ]
        },
        {
            "name": "BloodBagEmpty",
            "pos": [
                8231.0498046875,
                470.9700012207031,
                9024.0302734375
            ],
            "ypr": [
                -25.00001335144043,
                90.0,
                179.99998474121095
            ]
        },
        {
            "name": "BloodBagEmpty",
            "pos": [
                8231.2001953125,
                470.9700012207031,
                9024.1201171875
            ],
            "ypr": [
                154.99996948242188,
                90.0,
                -0.000022311800421448426
            ]
        },
        {
            "name": "BloodBagEmpty",
            "pos": [
                8231.349609375,
                470.9700012207031,
                9024.2099609375
            ],
            "ypr": [
                154.99996948242188,
                90.0,
                -0.000022311800421448426
            ]
        },
        {
            "name": "BloodTestKit",
            "pos": [
                8230.900390625,
                470.9700012207031,
                9023.490234375
            ],
            "ypr": [
                59.99999237060547,
                90.0,
                179.99998474121095
            ]
        },
        {
            "name": "BloodTestKit",
            "pos": [
                8231.0595703125,
                470.9700012207031,
                9023.580078125
            ],
            "ypr": [
                -120.0,
                90.0,
                -0.000022311800421448426
            ]
        },
        {
            "name": "BloodTestKit",
            "pos": [
                8231.2197265625,
                470.9700012207031,
                9023.669921875
            ],
            "ypr": [
                -120.0,
                90.0,
                0.000022311800421448426
            ]
        },
        {
            "name": "BloodTestKit",
            "pos": [
                8231.3798828125,
                470.9700012207031,
                9023.759765625
            ],
            "ypr": [
                -120.0,
                90.0,
                0.000022311800421448426
            ]
        },
        {
            "name": "BloodTestKit",
            "pos": [
                8231.5400390625,
                470.9700012207031,
                9023.849609375
            ],
            "ypr": [
                59.99999237060547,
                90.0,
                179.99998474121095
            ]
        },
        {
            "name": "StartKitIV",
            "pos": [
                8231.099609375,
                470.9700012207031,
                9023.16015625
            ],
            "ypr": [
                149.99996948242188,
                90.0,
                0.000022311800421448426
            ]
        },
        {
            "name": "StartKitIV",
            "pos": [
                8231.25,
                470.9700012207031,
                9023.25
            ],
            "ypr": [
                149.99996948242188,
                90.0,
                0.000022311800421448426
            ]
        },
        {
            "name": "StartKitIV",
            "pos": [
                8231.400390625,
                470.9700012207031,
                9023.330078125
            ],
            "ypr": [
                149.99996948242188,
                90.0,
                0.000022311800421448426
            ]
        },
        {
            "name": "StartKitIV",
            "pos": [
                8231.5498046875,
                470.9700012207031,
                9023.419921875
            ],
            "ypr": [
                149.99996948242188,
                90.0,
                0.000022311800421448426
            ]
        },
        {
            "name": "StartKitIV",
            "pos": [
                8231.7001953125,
                470.9700012207031,
                9023.509765625
            ],
            "ypr": [
                -30.000019073486329,
                90.0,
                179.99998474121095
            ]
        },
        {
            "name": "StartKitIV",
            "pos": [
                8228.099609375,
                470.6700134277344,
                9025.5
            ],
            "ypr": [
                -30.000019073486329,
                90.0,
                179.99998474121095
            ]
        },
        {
            "name": "StartKitIV",
            "pos": [
                8228.26953125,
                470.6700134277344,
                9025.599609375
            ],
            "ypr": [
                149.99996948242188,
                90.0,
                -0.000022311800421448426
            ]
        },
        {
            "name": "StartKitIV",
            "pos": [
                8228.4404296875,
                470.6700134277344,
                9025.7001953125
            ],
            "ypr": [
                149.99996948242188,
                90.0,
                -0.000022311800421448426
            ]
        },
        {
            "name": "StartKitIV",
            "pos": [
                8228.6103515625,
                470.6700134277344,
                9025.7998046875
            ],
            "ypr": [
                149.99996948242188,
                90.0,
                -0.000022311800421448426
            ]
        },
        {
            "name": "SalineBag",
            "pos": [
                8228.2998046875,
                470.6700134277344,
                9025.099609375
            ],
            "ypr": [
                -30.000019073486329,
                90.0,
                179.99998474121095
            ]
        },
        {
            "name": "SalineBag",
            "pos": [
                8228.4501953125,
                470.6700134277344,
                9025.2001953125
            ],
            "ypr": [
                149.99996948242188,
                90.0,
                -0.000022311800421448426
            ]
        },
        {
            "name": "SalineBag",
            "pos": [
                8228.599609375,
                470.6700134277344,
                9025.2998046875
            ],
            "ypr": [
                -30.000019073486329,
                90.0,
                179.99998474121095
            ]
        },
        {
            "name": "SalineBag",
            "pos": [
                8228.75,
                470.6700134277344,
                9025.400390625
            ],
            "ypr": [
                149.99996948242188,
                90.0,
                -0.000022311800421448426
            ]
        },
        {
            "name": "SalineBagIV",
            "pos": [
                8228.650390625,
                470.6700134277344,
                9024.4599609375
            ],
            "ypr": [
                -30.000019073486329,
                90.0,
                179.99998474121095
            ]
        },
        {
            "name": "SalineBag",
            "pos": [
                8228.4501953125,
                470.6700134277344,
                9024.83984375
            ],
            "ypr": [
                149.99996948242188,
                90.0,
                -0.000022311800421448426
            ]
        },
        {
            "name": "SalineBag",
            "pos": [
                8228.599609375,
                470.6700134277344,
                9024.9404296875
            ],
            "ypr": [
                149.99996948242188,
                90.0,
                -0.000022311800421448426
            ]
        },
        {
            "name": "SalineBag",
            "pos": [
                8228.75,
                470.6700134277344,
                9025.0400390625
            ],
            "ypr": [
                -30.000019073486329,
                90.0,
                179.99998474121095
            ]
        },
        {
            "name": "SalineBag",
            "pos": [
                8228.900390625,
                470.6700134277344,
                9025.1396484375
            ],
            "ypr": [
                149.99996948242188,
                90.0,
                -0.000022311800421448426
            ]
        },
        {
            "name": "SalineBagIV",
            "pos": [
                8228.7998046875,
                470.6700134277344,
                9024.5595703125
            ],
            "ypr": [
                -30.000019073486329,
                90.0,
                179.99998474121095
            ]
        },
        {
            "name": "SalineBagIV",
            "pos": [
                8228.9501953125,
                470.6700134277344,
                9024.66015625
            ],
            "ypr": [
                -30.000019073486329,
                90.0,
                179.99998474121095
            ]
        },
        {
            "name": "SalineBagIV",
            "pos": [
                8229.099609375,
                470.6700134277344,
                9024.759765625
            ],
            "ypr": [
                149.99996948242188,
                90.0,
                -0.000022311800421448426
            ]
        },
        {
            "name": "Epinephrine",
            "pos": [
                8231.91015625,
                470.6499938964844,
                9024.7998046875
            ],
            "ypr": [
                59.99999237060547,
                90.0,
                -0.000005008955668017734
            ]
        },
        {
            "name": "Epinephrine",
            "pos": [
                8231.8203125,
                470.6499938964844,
                9024.9501953125
            ],
            "ypr": [
                59.99999237060547,
                90.0,
                -0.000005008955668017734
            ]
        },
        {
            "name": "Epinephrine",
            "pos": [
                8231.73046875,
                470.6499938964844,
                9025.099609375
            ],
            "ypr": [
                59.99999237060547,
                90.0,
                -0.000005008955668017734
            ]
        },
        {
            "name": "Epinephrine",
            "pos": [
                8231.6396484375,
                470.6499938964844,
                9025.25
            ],
            "ypr": [
                59.99999237060547,
                90.0,
                -0.000005008955668017734
            ]
        },
        {
            "name": "Epinephrine",
            "pos": [
                8231.5498046875,
                470.6499938964844,
                9025.400390625
            ],
            "ypr": [
                -120.0,
                90.0,
                -179.99998474121095
            ]
        },
        {
            "name": "Epinephrine",
            "pos": [
                8231.4599609375,
                470.6499938964844,
                9025.5498046875
            ],
            "ypr": [
                59.99999237060547,
                90.0,
                -0.000005008955668017734
            ]
        },
        {
            "name": "PurificationTablets",
            "pos": [
                8226.41015625,
                470.6199951171875,
                9039.2001953125
            ],
            "ypr": [
                -115.0,
                -90.0,
                179.99998474121095
            ]
        },
        {
            "name": "PurificationTablets",
            "pos": [
                8226.51953125,
                470.6199951171875,
                9039.0
            ],
            "ypr": [
                64.99998474121094,
                -89.97201538085938,
                -0.00002231179860245902
            ]
        },
        {
            "name": "PurificationTablets",
            "pos": [
                8226.6298828125,
                470.6199951171875,
                9038.7998046875
            ],
            "ypr": [
                -115.0,
                -90.0,
                179.99998474121095
            ]
        },
        {
            "name": "PurificationTablets",
            "pos": [
                8226.740234375,
                470.6199951171875,
                9038.599609375
            ],
            "ypr": [
                -115.0,
                -90.0,
                179.99998474121095
            ]
        },
        {
            "name": "PurificationTablets",
            "pos": [
                8226.849609375,
                470.6199951171875,
                9038.400390625
            ],
            "ypr": [
                -115.0,
                -90.0,
                179.99998474121095
            ]
        },
        {
            "name": "VitaminBottle",
            "pos": [
                8219.9404296875,
                470.697998046875,
                9038.26953125
            ],
            "ypr": [
                0.0,
                0.0,
                0.0
            ]
        },
        {
            "name": "VitaminBottle",
            "pos": [
                8220.08984375,
                470.697998046875,
                9038.3603515625
            ],
            "ypr": [
                0.0,
                0.0,
                0.0
            ]
        },
        {
            "name": "VitaminBottle",
            "pos": [
                8220.240234375,
                470.697998046875,
                9038.4501953125
            ],
            "ypr": [
                0.0,
                0.0,
                0.0
            ]
        },
        {
            "name": "VitaminBottle",
            "pos": [
                8220.3896484375,
                470.697998046875,
                9038.5400390625
            ],
            "ypr": [
                0.0,
                0.0,
                0.0
            ]
        },
        {
            "name": "VitaminBottle",
            "pos": [
                8220.5400390625,
                470.697998046875,
                9038.6298828125
            ],
            "ypr": [
                0.0,
                0.0,
                0.0
            ]
        },
        {
            "name": "VitaminBottle",
            "pos": [
                8220.6904296875,
                470.697998046875,
                9038.7197265625
            ],
            "ypr": [
                0.0,
                0.0,
                0.0
            ]
        },
        {
            "name": "FirstAidKit",
            "pos": [
                8221.2998046875,
                470.69000244140627,
                9035.75
            ],
            "ypr": [
                -117.99999237060547,
                -89.97201538085938,
                179.99996948242188
            ]
        },
        {
            "name": "FirstAidKit",
            "pos": [
                8221.1904296875,
                470.69000244140627,
                9035.9599609375
            ],
            "ypr": [
                -117.99999237060547,
                -89.97201538085938,
                -0.000005008955668017734
            ]
        },
        {
            "name": "FirstAidKit",
            "pos": [
                8221.0703125,
                470.69000244140627,
                9036.169921875
            ],
            "ypr": [
                61.99999237060547,
                -89.97201538085938,
                179.99996948242188
            ]
        },
        {
            "name": "FirstAidKit",
            "pos": [
                8220.9599609375,
                470.69000244140627,
                9036.3798828125
            ],
            "ypr": [
                -117.99999237060547,
                -90.0,
                179.99998474121095
            ]
        },
        {
            "name": "Splint",
            "pos": [
                8226.51953125,
                471.1000061035156,
                9032.419921875
            ],
            "ypr": [
                154.99996948242188,
                90.0,
                -0.000022311800421448426
            ]
        },
        {
            "name": "Splint",
            "pos": [
                8226.3095703125,
                471.0,
                9032.2998046875
            ],
            "ypr": [
                154.99996948242188,
                90.0,
                -0.000022311800421448426
            ]
        },
        {
            "name": "Splint",
            "pos": [
                8226.099609375,
                470.95001220703127,
                9032.1796875
            ],
            "ypr": [
                -25.00001335144043,
                90.0,
                179.99998474121095
            ]
        },
        {
            "name": "Splint",
            "pos": [
                8225.7998046875,
                470.95001220703127,
                9032.0595703125
            ],
            "ypr": [
                154.99996948242188,
                90.0,
                -0.000022311800421448426
            ]
        },
        {
            "name": "Splint",
            "pos": [
                8225.58984375,
                470.95001220703127,
                9031.9404296875
            ],
            "ypr": [
                154.99996948242188,
                90.0,
                -0.000022311800421448426
            ]
        },
        {
            "name": "Splint",
            "pos": [
                8225.3798828125,
                470.95001220703127,
                9031.8203125
            ],
            "ypr": [
                -25.00001335144043,
                -90.0,
                -0.000022311800421448426
            ]
        },
        {
            "name": "Morphine",
            "pos": [
                8230.25,
                470.6499938964844,
                9028.0
            ],
            "ypr": [
                -120.0,
                90.0,
                -179.99998474121095
            ]
        },
        {
            "name": "Morphine",
            "pos": [
                8230.169921875,
                470.6499938964844,
                9028.150390625
            ],
            "ypr": [
                59.99999237060547,
                90.0,
                -0.000005008955668017734
            ]
        },
        {
            "name": "Morphine",
            "pos": [
                8230.08984375,
                470.6499938964844,
                9028.2998046875
            ],
            "ypr": [
                -120.0,
                90.0,
                -179.99998474121095
            ]
        },
        {
            "name": "Morphine",
            "pos": [
                8230.009765625,
                470.6499938964844,
                9028.4501953125
            ],
            "ypr": [
                59.99999237060547,
                90.0,
                -0.000005008955668017734
            ]
        },
        {
            "name": "Morphine",
            "pos": [
                8229.9296875,
                470.6499938964844,
                9028.599609375
            ],
            "ypr": [
                59.99999237060547,
                90.0,
                -0.000005008955668017734
            ]
        },
        {
            "name": "Morphine",
            "pos": [
                8229.83984375,
                470.6499938964844,
                9028.75
            ],
            "ypr": [
                59.99999237060547,
                90.0,
                -0.000005008955668017734
            ]
        },
        {
            "name": "TetracyclineAntibiotics",
            "pos": [
                8228.2998046875,
                471.0409851074219,
                9030.169921875
            ],
            "ypr": [
                -30.000019073486329,
                90.0,
                -0.000022311800421448426
            ]
        },
        {
            "name": "TetracyclineAntibiotics",
            "pos": [
                8228.150390625,
                471.0409851074219,
                9030.080078125
            ],
            "ypr": [
                -30.000019073486329,
                90.0,
                -0.000022311800421448426
            ]
        },
        {
            "name": "TetracyclineAntibiotics",
            "pos": [
                8228.0,
                471.0409851074219,
                9029.990234375
            ],
            "ypr": [
                -30.000019073486329,
                90.0,
                -0.000022311800421448426
            ]
        },
        {
            "name": "TetracyclineAntibiotics",
            "pos": [
                8227.849609375,
                471.0409851074219,
                9029.900390625
            ],
            "ypr": [
                -30.000019073486329,
                90.0,
                -0.000022311800421448426
            ]
        },
        {
            "name": "TetracyclineAntibiotics",
            "pos": [
                8227.5,
                471.0409851074219,
                9029.740234375
            ],
            "ypr": [
                -30.000019073486329,
                90.0,
                -0.000022311800421448426
            ]
        },
        {
            "name": "TetracyclineAntibiotics",
            "pos": [
                8227.349609375,
                471.0409851074219,
                9029.650390625
            ],
            "ypr": [
                -30.000019073486329,
                90.0,
                -0.000022311800421448426
            ]
        },
        {
            "name": "TetracyclineAntibiotics",
            "pos": [
                8227.2001953125,
                471.0409851074219,
                9029.5595703125
            ],
            "ypr": [
                -30.000019073486329,
                90.0,
                -0.000022311800421448426
            ]
        },
        {
            "name": "TetracyclineAntibiotics",
            "pos": [
                8227.0498046875,
                471.0409851074219,
                9029.4697265625
            ],
            "ypr": [
                -30.000019073486329,
                90.0,
                -0.000022311800421448426
            ]
        },
        {
            "name": "TetracyclineAntibiotics",
            "pos": [
                8226.75,
                471.0409851074219,
                9029.349609375
            ],
            "ypr": [
                -30.000019073486329,
                90.0,
                -0.000022311800421448426
            ]
        },
        {
            "name": "TetracyclineAntibiotics",
            "pos": [
                8226.599609375,
                471.0409851074219,
                9029.259765625
            ],
            "ypr": [
                149.99996948242188,
                90.0,
                179.99998474121095
            ]
        },
        {
            "name": "TetracyclineAntibiotics",
            "pos": [
                8226.4501953125,
                471.0409851074219,
                9029.169921875
            ],
            "ypr": [
                149.99996948242188,
                90.0,
                179.99998474121095
            ]
        },
        {
            "name": "TetracyclineAntibiotics",
            "pos": [
                8226.2998046875,
                471.0409851074219,
                9029.080078125
            ],
            "ypr": [
                149.99996948242188,
                90.0,
                179.99998474121095
            ]
        },
        {
            "name": "Refridgerator",
            "pos": [
                8238.0,
                470.20001220703127,
                9026.5595703125
            ],
            "ypr": [
                151.99998474121095,
                0.0,
                0.0
            ]
        },
        {
            "name": "Refridgerator",
            "pos": [
                8237.349609375,
                470.20001220703127,
                9026.2099609375
            ],
            "ypr": [
                151.99998474121095,
                0.0,
                0.0
            ]
        },
        {
            "name": "Refridgerator",
            "pos": [
                8236.7099609375,
                470.20001220703127,
                9025.91015625
            ],
            "ypr": [
                151.99998474121095,
                0.0,
                0.0
            ]
        },
        {
            "name": "Refridgerator",
            "pos": [
                8235.9501953125,
                470.20001220703127,
                9025.51953125
            ],
            "ypr": [
                151.99998474121095,
                0.0,
                0.0
            ]
        },
        {
            "name": "Refridgerator",
            "pos": [
                8235.2099609375,
                470.20001220703127,
                9025.080078125
            ],
            "ypr": [
                151.99998474121095,
                0.0,
                0.0
            ]
        },
        {
            "name": "Refridgerator",
            "pos": [
                8232.830078125,
                470.20001220703127,
                9029.1396484375
            ],
            "ypr": [
                -28.0,
                0.0,
                0.0
            ]
        },
        {
            "name": "Refridgerator",
            "pos": [
                8233.3798828125,
                470.20001220703127,
                9029.419921875
            ],
            "ypr": [
                -28.0,
                0.0,
                0.0
            ]
        },
        {
            "name": "Refridgerator",
            "pos": [
                8234.3896484375,
                470.20001220703127,
                9029.9599609375
            ],
            "ypr": [
                -28.0,
                0.0,
                0.0
            ]
        },
        {
            "name": "Refridgerator",
            "pos": [
                8235.0498046875,
                470.20001220703127,
                9030.330078125
            ],
            "ypr": [
                -28.0,
                0.0,
                0.0
            ]
        },
        {
            "name": "Refridgerator",
            "pos": [
                8235.6796875,
                470.20001220703127,
                9030.669921875
            ],
            "ypr": [
                -28.0,
                0.0,
                0.0
            ]
        },
        {
            "name": "AntiChemInjector",
            "pos": [
                8230.8896484375,
                470.6499938964844,
                9030.9697265625
            ],
            "ypr": [
                -115.0,
                90.0,
                -0.000005008955668017734
            ]
        },
        {
            "name": "AntiChemInjector",
            "pos": [
                8231.0,
                470.6499938964844,
                9030.8203125
            ],
            "ypr": [
                -115.0,
                90.0,
                -180.0
            ]
        },
        {
            "name": "AntiChemInjector",
            "pos": [
                8231.0595703125,
                470.6499938964844,
                9030.6396484375
            ],
            "ypr": [
                -115.0,
                90.0,
                -180.0
            ]
        },
        {
            "name": "AntiChemInjector",
            "pos": [
                8231.16015625,
                470.6499938964844,
                9030.4501953125
            ],
            "ypr": [
                -115.0,
                90.0,
                -180.0
            ]
        },
        {
            "name": "AntiChemInjector",
            "pos": [
                8231.25,
                470.6499938964844,
                9030.2998046875
            ],
            "ypr": [
                -115.0,
                90.0,
                -180.0
            ]
        },
        {
            "name": "AntiChemInjector",
            "pos": [
                8231.3095703125,
                470.6499938964844,
                9030.1298828125
            ],
            "ypr": [
                -115.0,
                90.0,
                -180.0
            ]
        }
    ]
}