{
    "Objects": [
        {
            "name": "Land_Workshop_FuelStation",
            "pos": [
                8149.96142578125,
                475.8275146484375,
                9106.0166015625
            ],
            "ypr": [
                -116.99951171875,
                0.0,
                0.0
            ]
        },
        {
            "name": "HatchbackWheel",
            "pos": [
                8151.4287109375,
                474.6258850097656,
                9105.9951171875
            ],
            "ypr": [
                0.0,
                0.0,
                -90.0
            ]
        },
        {
            "name": "HatchbackWheel",
            "pos": [
                8151.42431640625,
                474.8036193847656,
                9106.0126953125
            ],
            "ypr": [
                0.0,
                0.0,
                -90.0
            ]
        },
        {
            "name": "HatchbackWheel",
            "pos": [
                8151.4287109375,
                475.0068054199219,
                9106.0498046875
            ],
            "ypr": [
                0.0,
                0.0,
                -90.0
            ]
        },
        {
            "name": "HatchbackWheel",
            "pos": [
                8151.44091796875,
                475.1946105957031,
                9106.0947265625
            ],
            "ypr": [
                0.0,
                0.0,
                -90.0
            ]
        },
        {
            "name": "CivSedanWheel",
            "pos": [
                8150.65869140625,
                474.6258850097656,
                9105.5849609375
            ],
            "ypr": [
                0.0,
                0.0,
                -90.0
            ]
        },
        {
            "name": "CivSedanWheel",
            "pos": [
                8150.62939453125,
                474.7886047363281,
                9105.55859375
            ],
            "ypr": [
                0.0,
                0.0,
                -90.0
            ]
        },
        {
            "name": "CivSedanWheel",
            "pos": [
                8150.64013671875,
                474.95306396484377,
                9105.6103515625
            ],
            "ypr": [
                0.0,
                0.0,
                -90.0
            ]
        },
        {
            "name": "CivSedanWheel",
            "pos": [
                8150.640625,
                475.1097412109375,
                9105.65625
            ],
            "ypr": [
                0.0,
                0.0,
                -90.0
            ]
        },
        {
            "name": "Hatchback_02_Wheel",
            "pos": [
                8149.99365234375,
                474.6493835449219,
                9105.2861328125
            ],
            "ypr": [
                0.0,
                0.0,
                90.0
            ]
        },
        {
            "name": "Hatchback_02_Wheel",
            "pos": [
                8149.97998046875,
                474.8575439453125,
                9105.296875
            ],
            "ypr": [
                0.0,
                0.0,
                90.0
            ]
        },
        {
            "name": "Hatchback_02_Wheel",
            "pos": [
                8149.96142578125,
                475.0657043457031,
                9105.2646484375
            ],
            "ypr": [
                0.0,
                0.0,
                90.0
            ]
        },
        {
            "name": "Hatchback_02_Wheel",
            "pos": [
                8149.93359375,
                475.2694091796875,
                9105.2734375
            ],
            "ypr": [
                -6.336563587188721,
                0.0,
                90.0
            ]
        },
        {
            "name": "Sedan_02_Wheel",
            "pos": [
                8149.35498046875,
                474.7421569824219,
                9104.8916015625
            ],
            "ypr": [
                0.0,
                0.0,
                90.0
            ]
        },
        {
            "name": "Sedan_02_Wheel",
            "pos": [
                8148.89599609375,
                474.8654479980469,
                9104.5556640625
            ],
            "ypr": [
                -34.99996566772461,
                0.0,
                0.0
            ]
        },
        {
            "name": "Sedan_02_Wheel",
            "pos": [
                8148.1474609375,
                474.9154357910156,
                9104.55859375
            ],
            "ypr": [
                71.99978637695313,
                0.0,
                0.0
            ]
        },
        {
            "name": "Sedan_02_Wheel",
            "pos": [
                8148.19873046875,
                474.9154357910156,
                9104.306640625
            ],
            "ypr": [
                72.80696105957031,
                0.0,
                0.0
            ]
        },
        {
            "name": "Truck_01_Wheel",
            "pos": [
                8147.3994140625,
                474.6396179199219,
                9103.88671875
            ],
            "ypr": [
                0.0,
                0.0,
                90.0
            ]
        },
        {
            "name": "Truck_01_Wheel",
            "pos": [
                8147.39501953125,
                474.8979187011719,
                9103.896484375
            ],
            "ypr": [
                0.0,
                0.0,
                90.0
            ]
        },
        {
            "name": "Truck_01_Wheel",
            "pos": [
                8147.3828125,
                475.1525573730469,
                9103.8408203125
            ],
            "ypr": [
                0.0,
                0.0,
                90.0
            ]
        },
        {
            "name": "Truck_01_Wheel",
            "pos": [
                8147.380859375,
                475.3730773925781,
                9103.888671875
            ],
            "ypr": [
                0.0,
                0.0,
                90.0
            ]
        },
        {
            "name": "Truck_01_WheelDouble",
            "pos": [
                8146.49560546875,
                474.8503723144531,
                9103.4140625
            ],
            "ypr": [
                0.0,
                0.0,
                90.0
            ]
        },
        {
            "name": "Truck_01_WheelDouble",
            "pos": [
                8146.53271484375,
                475.2324523925781,
                9103.4677734375
            ],
            "ypr": [
                0.0,
                0.0,
                -90.0
            ]
        },
        {
            "name": "Truck_01_WheelDouble",
            "pos": [
                8146.5888671875,
                475.8490905761719,
                9103.517578125
            ],
            "ypr": [
                0.0,
                0.0,
                90.0
            ]
        },
        {
            "name": "Truck_01_WheelDouble",
            "pos": [
                8146.5888671875,
                476.3625793457031,
                9103.5673828125
            ],
            "ypr": [
                0.0,
                0.0,
                90.0
            ]
        },
        {
            "name": "TruckBattery",
            "pos": [
                8145.03564453125,
                476.09954833984377,
                9097.8349609375
            ],
            "ypr": [
                -30.99996566772461,
                0.0,
                0.0
            ]
        },
        {
            "name": "TruckBattery",
            "pos": [
                8144.75244140625,
                476.1193542480469,
                9098.2509765625
            ],
            "ypr": [
                -30.8684024810791,
                0.0,
                0.0
            ]
        },
        {
            "name": "CarBattery",
            "pos": [
                8145.12841796875,
                475.6461486816406,
                9097.716796875
            ],
            "ypr": [
                -31.999971389770509,
                0.0,
                0.0
            ]
        },
        {
            "name": "CarBattery",
            "pos": [
                8144.92041015625,
                475.6461486816406,
                9098.064453125
            ],
            "ypr": [
                -31.320220947265626,
                0.0,
                0.0
            ]
        },
        {
            "name": "CarBattery",
            "pos": [
                8144.68310546875,
                475.6408996582031,
                9098.40234375
            ],
            "ypr": [
                -31.23117446899414,
                0.0,
                0.0
            ]
        },
        {
            "name": "BatteryCharger",
            "pos": [
                8145.09619140625,
                475.1090393066406,
                9097.8154296875
            ],
            "ypr": [
                -32.711544036865237,
                0.0,
                0.0
            ]
        },
        {
            "name": "BatteryCharger",
            "pos": [
                8144.77490234375,
                475.1167907714844,
                9098.2939453125
            ],
            "ypr": [
                -31.756921768188478,
                0.0,
                0.0
            ]
        },
        {
            "name": "CarRadiator",
            "pos": [
                8144.1064453125,
                476.5442199707031,
                9099.029296875
            ],
            "ypr": [
                68.0,
                0.0,
                179.99989318847657
            ]
        },
        {
            "name": "CarRadiator",
            "pos": [
                8144.30615234375,
                476.5442199707031,
                9099.0791015625
            ],
            "ypr": [
                68.39913177490235,
                0.0,
                179.99989318847657
            ]
        },
        {
            "name": "CarRadiator",
            "pos": [
                8144.4677734375,
                476.5422058105469,
                9099.205078125
            ],
            "ypr": [
                68.0,
                0.0,
                179.99989318847657
            ]
        },
        {
            "name": "SparkPlug",
            "pos": [
                8144.4169921875,
                475.6593017578125,
                9098.625
            ],
            "ypr": [
                0.0,
                0.0,
                -90.0
            ]
        },
        {
            "name": "SparkPlug",
            "pos": [
                8144.56201171875,
                475.6597900390625,
                9098.7626953125
            ],
            "ypr": [
                0.0,
                0.0,
                90.0
            ]
        },
        {
            "name": "SparkPlug",
            "pos": [
                8144.412109375,
                475.6614685058594,
                9098.7626953125
            ],
            "ypr": [
                0.0,
                0.0,
                -90.0
            ]
        },
        {
            "name": "HeadlightH7_Box",
            "pos": [
                8144.36669921875,
                475.62896728515627,
                9098.923828125
            ],
            "ypr": [
                -26.950281143188478,
                0.0,
                0.0
            ]
        },
        {
            "name": "HeadlightH7_Box",
            "pos": [
                8144.56201171875,
                475.6520690917969,
                9098.9619140625
            ],
            "ypr": [
                0.0,
                0.0,
                0.0
            ]
        },
        {
            "name": "HeadlightH7_Box",
            "pos": [
                8144.466796875,
                475.6629943847656,
                9098.9736328125
            ],
            "ypr": [
                102.09630584716797,
                0.0,
                0.0
            ]
        },
        {
            "name": "HeadlightH7_Box",
            "pos": [
                8144.41748046875,
                475.6734924316406,
                9099.072265625
            ],
            "ypr": [
                -61.376983642578128,
                0.0,
                0.0
            ]
        },
        {
            "name": "BrakeFluid",
            "pos": [
                8144.62646484375,
                475.1328430175781,
                9098.904296875
            ],
            "ypr": [
                62.99983596801758,
                0.0,
                0.0
            ]
        },
        {
            "name": "BrakeFluid",
            "pos": [
                8144.38037109375,
                475.1328430175781,
                9098.8076171875
            ],
            "ypr": [
                61.999759674072269,
                0.0,
                0.0
            ]
        },
        {
            "name": "EngineOil",
            "pos": [
                8144.181640625,
                475.1328430175781,
                9099.3037109375
            ],
            "ypr": [
                64.99982452392578,
                0.0,
                0.0
            ]
        },
        {
            "name": "EngineOil",
            "pos": [
                8144.427734375,
                475.1328430175781,
                9099.40234375
            ],
            "ypr": [
                64.99980926513672,
                0.0,
                0.0
            ]
        },
        {
            "name": "TireRepairKit",
            "pos": [
                8144.3857421875,
                474.6556701660156,
                9098.8310546875
            ],
            "ypr": [
                67.0003662109375,
                -90.0,
                -0.00010427406232338399
            ]
        },
        {
            "name": "TireRepairKit",
            "pos": [
                8144.634765625,
                474.6593322753906,
                9098.931640625
            ],
            "ypr": [
                -112.9996566772461,
                -90.0,
                179.99989318847657
            ]
        },
        {
            "name": "ElectronicRepairKit",
            "pos": [
                8144.185546875,
                474.6632385253906,
                9099.0830078125
            ],
            "ypr": [
                158.99986267089845,
                -90.0,
                179.99989318847657
            ]
        },
        {
            "name": "ElectronicRepairKit",
            "pos": [
                8144.43505859375,
                474.6672058105469,
                9099.181640625
            ],
            "ypr": [
                -20.99998664855957,
                -89.96572875976563,
                0.0
            ]
        },
        {
            "name": "EpoxyPutty",
            "pos": [
                8144.37841796875,
                475.6700134277344,
                9099.4248046875
            ],
            "ypr": [
                0.0,
                89.96572875976563,
                0.0
            ]
        },
        {
            "name": "EpoxyPutty",
            "pos": [
                8144.2001953125,
                475.6700134277344,
                9099.373046875
            ],
            "ypr": [
                0.0,
                89.96572875976563,
                0.0
            ]
        },
        {
            "name": "MetalWire",
            "pos": [
                8144.7568359375,
                474.6471862792969,
                9098.0771484375
            ],
            "ypr": [
                0.0,
                -89.96572875976563,
                0.0
            ]
        },
        {
            "name": "MetalWire",
            "pos": [
                8144.79833984375,
                474.68719482421877,
                9098.1572265625
            ],
            "ypr": [
                0.0,
                89.96572875976563,
                0.0
            ]
        },
        {
            "name": "MetalWire",
            "pos": [
                8144.7900390625,
                474.7281799316406,
                9098.138671875
            ],
            "ypr": [
                0.0,
                89.96572875976563,
                0.0
            ]
        },
        {
            "name": "SledgeHammer",
            "pos": [
                8146.38427734375,
                475.9090270996094,
                9098.1298828125
            ],
            "ypr": [
                -125.99954223632813,
                0.0,
                0.0
            ]
        },
        {
            "name": "WoodAxe",
            "pos": [
                8146.64794921875,
                475.8859558105469,
                9098.2666015625
            ],
            "ypr": [
                59.999759674072269,
                0.0,
                0.0
            ]
        },
        {
            "name": "FirefighterAxe_Black",
            "pos": [
                8146.8447265625,
                475.7839660644531,
                9098.365234375
            ],
            "ypr": [
                60.999847412109378,
                0.0,
                0.0
            ]
        },
        {
            "name": "Pickaxe",
            "pos": [
                8147.2060546875,
                475.7487487792969,
                9098.5380859375
            ],
            "ypr": [
                60.999794006347659,
                0.0,
                0.0
            ]
        },
        {
            "name": "PipeWrench",
            "pos": [
                8145.77392578125,
                475.34002685546877,
                9098.6826171875
            ],
            "ypr": [
                -136.5010528564453,
                0.0,
                -90.0
            ]
        },
        {
            "name": "Wrench",
            "pos": [
                8145.9658203125,
                475.3505859375,
                9098.6708984375
            ],
            "ypr": [
                0.0,
                -89.96572875976563,
                0.0
            ]
        },
        {
            "name": "LugWrench",
            "pos": [
                8147.4599609375,
                475.36102294921877,
                9099.267578125
            ],
            "ypr": [
                0.0,
                -89.96572875976563,
                179.99989318847657
            ]
        },
        {
            "name": "Screwdriver",
            "pos": [
                8147.3125,
                475.37701416015627,
                9099.125
            ],
            "ypr": [
                0.0,
                -89.96572875976563,
                0.0
            ]
        },
        {
            "name": "Pliers",
            "pos": [
                8147.7255859375,
                475.4618835449219,
                9099.7197265625
            ],
            "ypr": [
                -166.99993896484376,
                76.02794647216797,
                179.99989318847657
            ]
        },
        {
            "name": "Chainsaw",
            "pos": [
                8144.37548828125,
                476.7865905761719,
                9099.3486328125
            ],
            "ypr": [
                74.08460998535156,
                0.0,
                0.0
            ]
        },
        {
            "name": "Hacksaw",
            "pos": [
                8147.97265625,
                476.2817687988281,
                9098.9375
            ],
            "ypr": [
                -24.999984741210939,
                0.0,
                0.0
            ]
        },
        {
            "name": "HandSaw",
            "pos": [
                8147.92236328125,
                476.03167724609377,
                9098.9375
            ],
            "ypr": [
                -25.0,
                0.0,
                0.0
            ]
        },
        {
            "name": "Hammer",
            "pos": [
                8149.1044921875,
                475.3699951171875,
                9100.099609375
            ],
            "ypr": [
                0.0,
                -89.96572875976563,
                0.0
            ]
        },
        {
            "name": "NailBox",
            "pos": [
                8148.83740234375,
                475.344970703125,
                9099.845703125
            ],
            "ypr": [
                -22.99998664855957,
                0.0,
                0.0
            ]
        },
        {
            "name": "NailBox",
            "pos": [
                8148.78759765625,
                475.344970703125,
                9099.9453125
            ],
            "ypr": [
                -21.222721099853517,
                0.0,
                0.0
            ]
        },
        {
            "name": "NailBox",
            "pos": [
                8148.78759765625,
                475.4599914550781,
                9099.9462890625
            ],
            "ypr": [
                -21.999996185302736,
                0.0,
                0.0
            ]
        },
        {
            "name": "Nail",
            "pos": [
                8148.9580078125,
                475.36749267578127,
                9100.08984375
            ],
            "ypr": [
                -80.7409896850586,
                0.0,
                0.0
            ]
        },
        {
            "name": "Bear_Pink",
            "pos": [
                8149.330078125,
                475.4716796875,
                9100.4296875
            ],
            "ypr": [
                28.628433227539064,
                -90.0,
                -0.00010427406232338399
            ]
        },
        {
            "name": "Rope",
            "pos": [
                8148.5205078125,
                475.3656311035156,
                9099.7900390625
            ],
            "ypr": [
                0.0,
                -89.96572875976563,
                0.0
            ]
        },
        {
            "name": "Barrel_Red",
            "pos": [
                8142.9375,
                474.5424499511719,
                9101.7607421875
            ],
            "ypr": [
                155.41725158691407,
                0.0,
                0.0
            ]
        },
        {
            "name": "Barrel_Yellow",
            "pos": [
                8142.9619140625,
                475.3922424316406,
                9101.751953125
            ],
            "ypr": [
                128.884521484375,
                0.0,
                0.0
            ]
        },
        {
            "name": "Barrel_Green",
            "pos": [
                8143.57421875,
                474.5424499511719,
                9102.0576171875
            ],
            "ypr": [
                26.335004806518556,
                0.0,
                0.0
            ]
        },
        {
            "name": "Barrel_Blue",
            "pos": [
                8143.56396484375,
                475.3922424316406,
                9102.0615234375
            ],
            "ypr": [
                165.1405029296875,
                0.0,
                0.0
            ]
        },
        {
            "name": "MetalPlate",
            "pos": [
                8143.1875,
                475.1924133300781,
                9100.7724609375
            ],
            "ypr": [
                64.00001525878906,
                90.0,
                179.99989318847657
            ]
        },
        {
            "name": "MetalPlate",
            "pos": [
                8143.3974609375,
                475.1777648925781,
                9100.857421875
            ],
            "ypr": [
                -115.9999771118164,
                90.0,
                179.99989318847657
            ]
        },
        {
            "name": "MetalPlate",
            "pos": [
                8143.3134765625,
                475.2147216796875,
                9100.8251953125
            ],
            "ypr": [
                -115.9999771118164,
                90.0,
                179.99989318847657
            ]
        },
        {
            "name": "MetalPlate",
            "pos": [
                8142.11767578125,
                475.1562194824219,
                9102.8369140625
            ],
            "ypr": [
                -118.99992370605469,
                83.99996948242188,
                177.99986267089845
            ]
        },
        {
            "name": "MetalPlate",
            "pos": [
                8142.193359375,
                475.2009582519531,
                9102.8916015625
            ],
            "ypr": [
                -115.99995422363281,
                79.00003814697266,
                179.99989318847657
            ]
        },
        {
            "name": "MetalPlate",
            "pos": [
                8142.32958984375,
                475.2023620605469,
                9102.927734375
            ],
            "ypr": [
                -115.99995422363281,
                69.00000762939453,
                179.99989318847657
            ]
        },
        {
            "name": "MetalPlate",
            "pos": [
                8142.46728515625,
                475.145263671875,
                9102.962890625
            ],
            "ypr": [
                -115.99995422363281,
                59.99995803833008,
                179.99989318847657
            ]
        },
        {
            "name": "CanisterGasoline",
            "pos": [
                8152.39794921875,
                475.3650817871094,
                9102.279296875
            ],
            "ypr": [
                116.060546875,
                0.0,
                0.0
            ]
        },
        {
            "name": "CanisterGasoline",
            "pos": [
                8152.86669921875,
                475.96429443359377,
                9102.1005859375
            ],
            "ypr": [
                0.6482289433479309,
                0.0,
                0.0
            ]
        },
        {
            "name": "Land_FuelStation_Feed",
            "pos": [
                8152.09228515625,
                475.1986083984375,
                9106.828125
            ],
            "ypr": [
                61.99979019165039,
                0.0,
                0.0
            ]
        },
        {
            "name": "Bear_White",
            "pos": [
                8144.875,
                477.2669982910156,
                9098.3203125
            ],
            "ypr": [
                -169.56866455078126,
                0.0,
                0.0
            ]
        },
        {
            "name": "Hatchet",
            "pos": [
                8144.96826171875,
                477.2338562011719,
                9098.3203125
            ],
            "ypr": [
                -46.99992752075195,
                0.0,
                34.99996566772461
            ]
        },
        {
            "name": "SportGlasses_Blue",
            "pos": [
                8144.8759765625,
                477.3609619140625,
                9098.37890625
            ],
            "ypr": [
                -173.99903869628907,
                -89.96572875976563,
                179.99989318847657
            ]
        },
        {
            "name": "Guts",
            "pos": [
                8149.3447265625,
                475.4554138183594,
                9100.4453125
            ],
            "ypr": [
                -132.9385528564453,
                0.0,
                0.0
            ]
        },
        {
            "name": "Bear_Beige",
            "pos": [
                8148.771484375,
                475.62188720703127,
                9108.9072265625
            ],
            "ypr": [
                16.25438690185547,
                0.0,
                0.0
            ]
        },
        {
            "name": "CowboyHat_Brown",
            "pos": [
                8148.6298828125,
                475.67730712890627,
                9108.91015625
            ],
            "ypr": [
                -169.99990844726563,
                -60.02783966064453,
                179.99989318847657
            ]
        },
        {
            "name": "AviatorGlasses",
            "pos": [
                8148.75,
                475.70001220703127,
                9108.830078125
            ],
            "ypr": [
                12.999856948852539,
                -79.99990844726563,
                179.99989318847657
            ]
        },
        {
            "name": "Colt1911",
            "pos": [
                8148.71875,
                475.6000061035156,
                9108.9072265625
            ],
            "ypr": [
                -29.999927520751954,
                -0.9999999403953552,
                21.999980926513673
            ]
        },
        {
            "name": "Engraved1911",
            "pos": [
                8148.81982421875,
                475.6000061035156,
                9108.8798828125
            ],
            "ypr": [
                -147.99916076660157,
                0.0,
                22.999975204467775
            ]
        },
        {
            "name": "Chips",
            "pos": [
                8148.955078125,
                475.3609619140625,
                9108.841796875
            ],
            "ypr": [
                -28.999977111816408,
                0.0,
                0.0
            ]
        },
        {
            "name": "Chips",
            "pos": [
                8149.1572265625,
                475.35931396484377,
                9108.943359375
            ],
            "ypr": [
                -29.00000762939453,
                0.0,
                0.0
            ]
        },
        {
            "name": "Crackers",
            "pos": [
                8148.95751953125,
                475.17926025390627,
                9108.826171875
            ],
            "ypr": [
                -29.00000762939453,
                0.0,
                0.0
            ]
        },
        {
            "name": "Crackers",
            "pos": [
                8149.16748046875,
                475.1789855957031,
                9108.947265625
            ],
            "ypr": [
                -29.00000762939453,
                0.0,
                0.0
            ]
        },
        {
            "name": "Zagorky",
            "pos": [
                8149.205078125,
                475.57000732421877,
                9109.1103515625
            ],
            "ypr": [
                -24.999984741210939,
                0.0,
                0.0
            ]
        },
        {
            "name": "Zagorky",
            "pos": [
                8149.154296875,
                475.57000732421877,
                9109.2109375
            ],
            "ypr": [
                -24.999998092651368,
                0.0,
                0.0
            ]
        },
        {
            "name": "ZagorkyChocolate",
            "pos": [
                8149.10546875,
                475.57000732421877,
                9109.05859375
            ],
            "ypr": [
                -25.0,
                0.0,
                0.0
            ]
        },
        {
            "name": "ZagorkyChocolate",
            "pos": [
                8149.0400390625,
                475.57000732421877,
                9109.1796875
            ],
            "ypr": [
                -25.0,
                0.0,
                0.0
            ]
        },
        {
            "name": "ZagorkyPeanuts",
            "pos": [
                8148.9833984375,
                475.57000732421877,
                9109.01953125
            ],
            "ypr": [
                -25.0,
                0.0,
                0.0
            ]
        },
        {
            "name": "ZagorkyPeanuts",
            "pos": [
                8148.935546875,
                475.57000732421877,
                9109.1318359375
            ],
            "ypr": [
                -25.0,
                0.0,
                0.0
            ]
        },
        {
            "name": "CigarettePack_Partyzanka",
            "pos": [
                8149.7998046875,
                475.55999755859377,
                9109.419921875
            ],
            "ypr": [
                -19.632579803466798,
                -90.0,
                -175.99984741210938
            ]
        },
        {
            "name": "CigarettePack_Merkur",
            "pos": [
                8149.8984375,
                475.55999755859377,
                9109.4677734375
            ],
            "ypr": [
                -18.273109436035158,
                -90.0,
                179.99989318847657
            ]
        },
        {
            "name": "CigarettePack_Chernamorka",
            "pos": [
                8149.9990234375,
                475.55999755859377,
                9109.51953125
            ],
            "ypr": [
                162.0216064453125,
                -90.0,
                -0.00010427406232338399
            ]
        },
        {
            "name": "PetrolLighter",
            "pos": [
                8149.57275390625,
                475.67108154296877,
                9109.306640625
            ],
            "ypr": [
                -104.99945831298828,
                0.0,
                -0.000004999999418942025
            ]
        },
        {
            "name": "PetrolLighter",
            "pos": [
                8149.6171875,
                475.6712646484375,
                9109.3203125
            ],
            "ypr": [
                -103.654296875,
                0.0,
                0.0
            ]
        },
        {
            "name": "ChernarusMap",
            "pos": [
                8149.47119140625,
                475.5707092285156,
                9109.2548828125
            ],
            "ypr": [
                -18.999977111816408,
                0.0,
                0.0
            ]
        },
        {
            "name": "SodaCan_Pipsi",
            "pos": [
                8150.1455078125,
                475.8471984863281,
                9106.5146484375
            ],
            "ypr": [
                -158.90087890625,
                0.0,
                0.0
            ]
        },
        {
            "name": "SodaCan_Pipsi",
            "pos": [
                8150.18017578125,
                475.8614196777344,
                9106.400390625
            ],
            "ypr": [
                -161.2977294921875,
                0.0,
                0.0
            ]
        },
        {
            "name": "SodaCan_Cola",
            "pos": [
                8150.02978515625,
                475.8471984863281,
                9106.466796875
            ],
            "ypr": [
                -166.62451171875,
                0.0,
                0.0
            ]
        },
        {
            "name": "SodaCan_Cola",
            "pos": [
                8150.06982421875,
                475.8616943359375,
                9106.353515625
            ],
            "ypr": [
                25.735876083374025,
                0.0,
                0.0
            ]
        },
        {
            "name": "SodaCan_Spite",
            "pos": [
                8149.947265625,
                475.84716796875,
                9106.306640625
            ],
            "ypr": [
                -157.4691619873047,
                0.0,
                0.0
            ]
        },
        {
            "name": "SodaCan_Spite",
            "pos": [
                8149.91064453125,
                475.8377685546875,
                9106.419921875
            ],
            "ypr": [
                28.60318374633789,
                0.0,
                0.0
            ]
        },
        {
            "name": "SodaCan_Fronta",
            "pos": [
                8149.8115234375,
                475.8404541015625,
                9106.25
            ],
            "ypr": [
                154.1208953857422,
                0.0,
                0.0
            ]
        },
        {
            "name": "SodaCan_Fronta",
            "pos": [
                8149.77978515625,
                475.8321838378906,
                9106.3701171875
            ],
            "ypr": [
                163.7960205078125,
                0.0,
                0.0
            ]
        },
        {
            "name": "SodaCan_Kvass",
            "pos": [
                8149.68310546875,
                475.84197998046877,
                9106.2197265625
            ],
            "ypr": [
                29.381946563720704,
                0.0,
                0.0
            ]
        },
        {
            "name": "SodaCan_Kvass",
            "pos": [
                8149.64990234375,
                475.84197998046877,
                9106.3330078125
            ],
            "ypr": [
                -156.3084259033203,
                0.0,
                0.0
            ]
        },
        {
            "name": "Vodka",
            "pos": [
                8149.49951171875,
                475.89520263671877,
                9106.1025390625
            ],
            "ypr": [
                -18.93883514404297,
                0.0,
                0.0
            ]
        },
        {
            "name": "Vodka",
            "pos": [
                8149.44873046875,
                475.8974304199219,
                9106.2509765625
            ],
            "ypr": [
                -20.01609992980957,
                0.0,
                0.0
            ]
        },
        {
            "name": "Canteen",
            "pos": [
                8149.21044921875,
                475.8911437988281,
                9106.1201171875
            ],
            "ypr": [
                -11.783162117004395,
                0.0,
                0.0
            ]
        },
        {
            "name": "WaterBottle",
            "pos": [
                8148.9814453125,
                475.8917541503906,
                9105.9716796875
            ],
            "ypr": [
                93.89461517333985,
                0.0,
                0.0
            ]
        },
        {
            "name": "WaterBottle",
            "pos": [
                8148.931640625,
                475.8917541503906,
                9106.12109375
            ],
            "ypr": [
                -34.893638610839847,
                0.0,
                0.0
            ]
        },
        {
            "name": "Canteen",
            "pos": [
                8148.6640625,
                475.8911437988281,
                9105.927734375
            ],
            "ypr": [
                -10.999998092651368,
                0.0,
                0.0
            ]
        },
        {
            "name": "BakedBeansCan",
            "pos": [
                8150.10009765625,
                475.4200134277344,
                9106.5185546875
            ],
            "ypr": [
                -81.99972534179688,
                0.0,
                0.0
            ]
        },
        {
            "name": "TacticalBaconCan",
            "pos": [
                8150.0146484375,
                475.420654296875,
                9106.4765625
            ],
            "ypr": [
                -78.99974822998047,
                0.0,
                0.0
            ]
        },
        {
            "name": "SpaghettiCan",
            "pos": [
                8149.91650390625,
                475.4200134277344,
                9106.4287109375
            ],
            "ypr": [
                -112.00045776367188,
                0.0,
                0.0
            ]
        },
        {
            "name": "PeachesCan",
            "pos": [
                8149.81640625,
                475.4200134277344,
                9106.37890625
            ],
            "ypr": [
                -109.00047302246094,
                0.0,
                0.0
            ]
        },
        {
            "name": "TunaCan",
            "pos": [
                8149.57763671875,
                475.42498779296877,
                9106.28515625
            ],
            "ypr": [
                69.99979400634766,
                0.0,
                0.0
            ]
        },
        {
            "name": "SardinesCan",
            "pos": [
                8149.42724609375,
                475.41973876953127,
                9106.1884765625
            ],
            "ypr": [
                171.61614990234376,
                0.0,
                0.0
            ]
        },
        {
            "name": "PorkCan",
            "pos": [
                8149.23486328125,
                475.44000244140627,
                9106.0458984375
            ],
            "ypr": [
                52.305755615234378,
                0.0,
                0.0
            ]
        },
        {
            "name": "Lunchmeat",
            "pos": [
                8149.0859375,
                475.44000244140627,
                9106.0029296875
            ],
            "ypr": [
                53.00598907470703,
                0.0,
                0.0
            ]
        },
        {
            "name": "Pate",
            "pos": [
                8148.88720703125,
                475.45001220703127,
                9105.9990234375
            ],
            "ypr": [
                -53.94451141357422,
                0.0,
                0.0
            ]
        },
        {
            "name": "Pajka",
            "pos": [
                8148.73974609375,
                475.45001220703127,
                9105.9501953125
            ],
            "ypr": [
                -14.117860794067383,
                0.0,
                0.0
            ]
        },
        {
            "name": "Honey",
            "pos": [
                8148.53662109375,
                475.42999267578127,
                9105.896484375
            ],
            "ypr": [
                -37.97685241699219,
                0.0,
                0.0
            ]
        },
        {
            "name": "Marmalade",
            "pos": [
                8148.58837890625,
                475.42999267578127,
                9105.7529296875
            ],
            "ypr": [
                -13.194978713989258,
                0.0,
                0.0
            ]
        },
        {
            "name": "Rice",
            "pos": [
                8150.15185546875,
                475.1600036621094,
                9106.3876953125
            ],
            "ypr": [
                -106.99959564208985,
                0.0,
                0.0
            ]
        },
        {
            "name": "Rice",
            "pos": [
                8150.1005859375,
                475.1624755859375,
                9106.5390625
            ],
            "ypr": [
                -106.99996948242188,
                0.0,
                0.0
            ]
        },
        {
            "name": "CatFoodCan",
            "pos": [
                8149.86669921875,
                475.1000061035156,
                9106.365234375
            ],
            "ypr": [
                166.28311157226563,
                0.0,
                0.0
            ]
        },
        {
            "name": "DogFoodCan",
            "pos": [
                8150.01611328125,
                475.1000061035156,
                9106.2646484375
            ],
            "ypr": [
                45.99992370605469,
                0.0,
                0.0
            ]
        },
        {
            "name": "SaltySticks",
            "pos": [
                8149.48193359375,
                475.22802734375,
                9109.107421875
            ],
            "ypr": [
                147.99928283691407,
                0.0,
                0.0
            ]
        },
        {
            "name": "SaltySticks",
            "pos": [
                8149.38037109375,
                475.0263671875,
                9109.056640625
            ],
            "ypr": [
                147.99993896484376,
                0.0,
                0.0
            ]
        },
        {
            "name": "DeadRabbit",
            "pos": [
                8150.01123046875,
                474.69525146484377,
                9106.3935546875
            ],
            "ypr": [
                56.389949798583987,
                0.0,
                0.0
            ]
        },
        {
            "name": "DeadRooster",
            "pos": [
                8149.42822265625,
                474.7019958496094,
                9106.171875
            ],
            "ypr": [
                -104.96765899658203,
                0.0,
                0.0
            ]
        },
        {
            "name": "DeadChicken_White",
            "pos": [
                8148.998046875,
                474.69525146484377,
                9106.0126953125
            ],
            "ypr": [
                -103.99998474121094,
                0.0,
                0.0
            ]
        },
        {
            "name": "DeadChicken_Spotted",
            "pos": [
                8148.54345703125,
                474.69525146484377,
                9105.8671875
            ],
            "ypr": [
                -103.99998474121094,
                0.0,
                0.0
            ]
        },
        {
            "name": "SlicedPumpkin",
            "pos": [
                8149.6943359375,
                475.070068359375,
                9106.3046875
            ],
            "ypr": [
                27.719345092773439,
                0.0,
                0.0
            ]
        },
        {
            "name": "GreenBellPepper",
            "pos": [
                8149.3232421875,
                475.1326599121094,
                9106.2138671875
            ],
            "ypr": [
                -14.752335548400879,
                0.0,
                90.0
            ]
        },
        {
            "name": "Zucchini",
            "pos": [
                8149.154296875,
                475.10369873046877,
                9106.0888671875
            ],
            "ypr": [
                121.46026611328125,
                0.0,
                90.0
            ]
        },
        {
            "name": "Tomato",
            "pos": [
                8149.185546875,
                475.1753845214844,
                9106.275390625
            ],
            "ypr": [
                123.76471710205078,
                0.0,
                0.0
            ]
        },
        {
            "name": "Orange",
            "pos": [
                8148.97314453125,
                475.0723876953125,
                9105.92578125
            ],
            "ypr": [
                129.01637268066407,
                0.0,
                0.0
            ]
        },
        {
            "name": "Kiwi",
            "pos": [
                8148.82275390625,
                475.111083984375,
                9105.927734375
            ],
            "ypr": [
                144.3180694580078,
                0.0,
                -90.0
            ]
        },
        {
            "name": "Banana",
            "pos": [
                8148.7607421875,
                475.1165466308594,
                9105.9453125
            ],
            "ypr": [
                -162.00384521484376,
                0.0,
                179.99996948242188
            ]
        },
        {
            "name": "Plum",
            "pos": [
                8148.6826171875,
                475.1015319824219,
                9105.849609375
            ],
            "ypr": [
                -119.68592834472656,
                0.0,
                90.0
            ]
        },
        {
            "name": "Pear",
            "pos": [
                8148.49072265625,
                475.1138000488281,
                9105.7900390625
            ],
            "ypr": [
                123.80591583251953,
                0.0,
                -90.0
            ]
        },
        {
            "name": "Apple",
            "pos": [
                8148.55859375,
                475.0762023925781,
                9105.953125
            ],
            "ypr": [
                142.1234893798828,
                0.0,
                0.0
            ]
        },
        {
            "name": "Bear_Beige",
            "pos": [
                8142.66259765625,
                475.8772888183594,
                9107.3408203125
            ],
            "ypr": [
                65.69871520996094,
                0.0,
                0.0
            ]
        },
        {
            "name": "Bear_Dark",
            "pos": [
                8142.2470703125,
                475.9046936035156,
                9107.15234375
            ],
            "ypr": [
                -117.44584655761719,
                0.0,
                0.0
            ]
        },
        {
            "name": "SportGlasses_Blue",
            "pos": [
                8142.30224609375,
                475.9750061035156,
                9107.17578125
            ],
            "ypr": [
                68.99980163574219,
                -89.96572875976563,
                0.0
            ]
        },
        {
            "name": "SportGlasses_Orange",
            "pos": [
                8142.5947265625,
                475.9700012207031,
                9107.291015625
            ],
            "ypr": [
                -114.99957275390625,
                -89.96572875976563,
                0.0
            ]
        },
        {
            "name": "Chemlight_Red",
            "pos": [
                8142.650390625,
                475.9334411621094,
                9107.244140625
            ],
            "ypr": [
                -128.99928283691407,
                -18.999961853027345,
                -178.999755859375
            ]
        },
        {
            "name": "Chemlight_Blue",
            "pos": [
                8142.33251953125,
                475.98583984375,
                9107.0458984375
            ],
            "ypr": [
                -179.00059509277345,
                -15.999992370605469,
                156.99935913085938
            ]
        },
        {
            "name": "Colt1911",
            "pos": [
                8142.63818359375,
                475.8599853515625,
                9107.4287109375
            ],
            "ypr": [
                -26.999975204467775,
                0.0,
                0.0
            ]
        },
        {
            "name": "Deagle_Gold",
            "pos": [
                8142.1845703125,
                475.88824462890627,
                9107.216796875
            ],
            "ypr": [
                169.99899291992188,
                0.0,
                0.0
            ]
        },
        {
            "name": "Bear_White",
            "pos": [
                8144.1650390625,
                475.8399963378906,
                9108.150390625
            ],
            "ypr": [
                -120.99967956542969,
                73.99999237060547,
                179.99989318847657
            ]
        },
        {
            "name": "Bear_Pink",
            "pos": [
                8144.373046875,
                475.8772888183594,
                9108.2509765625
            ],
            "ypr": [
                60.608150482177737,
                34.99996566772461,
                0.0
            ]
        },
        {
            "name": "DuctTape",
            "pos": [
                8144.1298828125,
                475.7983703613281,
                9108.123046875
            ],
            "ypr": [
                56.999874114990237,
                0.0,
                0.0
            ]
        },
        {
            "name": "Zucchini",
            "pos": [
                8144.365234375,
                475.8600158691406,
                9108.1103515625
            ],
            "ypr": [
                -153.9698486328125,
                16.99999237060547,
                -90.0
            ]
        },
        {
            "name": "AviatorGlasses",
            "pos": [
                8144.294921875,
                475.9097595214844,
                9108.2099609375
            ],
            "ypr": [
                63.00041198730469,
                -47.034358978271487,
                179.99989318847657
            ]
        },
        {
            "name": "Handcuffs",
            "pos": [
                8143.97216796875,
                475.78802490234377,
                9108.037109375
            ],
            "ypr": [
                0.0,
                -89.96572875976563,
                0.0
            ]
        },
        {
            "name": "SurgicalGloves_Blue",
            "pos": [
                8144.58154296875,
                475.80267333984377,
                9108.2978515625
            ],
            "ypr": [
                84.1138916015625,
                0.0,
                0.0
            ]
        },
        {
            "name": "RGD5Grenade",
            "pos": [
                8142.095703125,
                475.8052673339844,
                9107.1318359375
            ],
            "ypr": [
                -19.874868392944337,
                0.0,
                0.0
            ]
        },
        {
            "name": "RGD5Grenade",
            "pos": [
                8142.02587890625,
                475.82012939453127,
                9107.1064453125
            ],
            "ypr": [
                -156.0875244140625,
                0.0,
                0.0
            ]
        },
        {
            "name": "AmmoBox_357_20Rnd",
            "pos": [
                8142.05078125,
                475.7988586425781,
                9107.029296875
            ],
            "ypr": [
                0.0,
                89.96572875976563,
                0.0
            ]
        },
        {
            "name": "Ammo_357",
            "pos": [
                8142.39697265625,
                475.79376220703127,
                9107.1279296875
            ],
            "ypr": [
                -71.918701171875,
                0.0,
                0.0
            ]
        },
        {
            "name": "Ammo_45ACP",
            "pos": [
                8142.4091796875,
                475.7716369628906,
                9107.3310546875
            ],
            "ypr": [
                83.41071319580078,
                0.0,
                0.0
            ]
        },
        {
            "name": "AmmoBox_45ACP_25rnd",
            "pos": [
                8142.7529296875,
                475.7968444824219,
                9107.380859375
            ],
            "ypr": [
                162.99911499023438,
                0.0,
                0.0
            ]
        },
        {
            "name": "M67Grenade",
            "pos": [
                8142.80322265625,
                475.8074645996094,
                9107.4814453125
            ],
            "ypr": [
                24.939733505249025,
                0.0,
                0.0
            ]
        },
        {
            "name": "M67Grenade",
            "pos": [
                8142.8701171875,
                475.8369445800781,
                9107.2861328125
            ],
            "ypr": [
                -22.44574546813965,
                0.0,
                0.0
            ]
        },
        {
            "name": "Bear_Beige",
            "pos": [
                8145.669921875,
                475.88330078125,
                9108.94921875
            ],
            "ypr": [
                -52.96670150756836,
                0.0,
                0.0
            ]
        },
        {
            "name": "PumpkinHelmet",
            "pos": [
                8145.669921875,
                476.010009765625,
                9108.94921875
            ],
            "ypr": [
                126.48653411865235,
                0.0,
                0.0
            ]
        },
        {
            "name": "KitchenKnife",
            "pos": [
                8145.62109375,
                475.8699951171875,
                9108.849609375
            ],
            "ypr": [
                76.99964904785156,
                0.0,
                47.99992370605469
            ]
        },
        {
            "name": "Bear_Dark",
            "pos": [
                8146.078125,
                475.85638427734377,
                9109.2119140625
            ],
            "ypr": [
                -26.406824111938478,
                0.0,
                0.0
            ]
        },
        {
            "name": "HockeyMask",
            "pos": [
                8146.064453125,
                475.9427185058594,
                9109.224609375
            ],
            "ypr": [
                -28.18401527404785,
                -90.0,
                179.99989318847657
            ]
        },
        {
            "name": "Machete",
            "pos": [
                8146.001953125,
                475.82861328125,
                9109.138671875
            ],
            "ypr": [
                85.99970245361328,
                2.999985933303833,
                35.999969482421878
            ]
        },
        {
            "name": "Bear_White",
            "pos": [
                8146.55029296875,
                475.8476867675781,
                9109.4638671875
            ],
            "ypr": [
                -3.1618828773498537,
                0.0,
                0.0
            ]
        },
        {
            "name": "WitchHat",
            "pos": [
                8146.400390625,
                475.9425354003906,
                9109.3642578125
            ],
            "ypr": [
                161.99948120117188,
                -59.034217834472659,
                168.9997100830078
            ]
        },
        {
            "name": "ThinFramesGlasses",
            "pos": [
                8146.56005859375,
                475.9463806152344,
                9109.3798828125
            ],
            "ypr": [
                172.99896240234376,
                -89.96572875976563,
                0.0
            ]
        },
        {
            "name": "Chemlight_Green",
            "pos": [
                8146.43994140625,
                475.8500061035156,
                9109.3701171875
            ],
            "ypr": [
                14.999991416931153,
                53.999839782714847,
                179.99989318847657
            ]
        },
        {
            "name": "CanisterGasoline",
            "pos": [
                8147.130859375,
                475.9866943359375,
                9104.9677734375
            ],
            "ypr": [
                155.53001403808595,
                0.0,
                0.0
            ]
        },
        {
            "name": "CanisterGasoline",
            "pos": [
                8146.38232421875,
                475.9862060546875,
                9104.568359375
            ],
            "ypr": [
                154.9999542236328,
                0.0,
                0.0
            ]
        },
        {
            "name": "TruckBattery",
            "pos": [
                8147.2724609375,
                475.412841796875,
                9104.96484375
            ],
            "ypr": [
                -26.672908782958986,
                0.0,
                0.0
            ]
        },
        {
            "name": "TruckBattery",
            "pos": [
                8146.31689453125,
                475.4082336425781,
                9104.4677734375
            ],
            "ypr": [
                -26.443172454833986,
                0.0,
                0.0
            ]
        },
        {
            "name": "CarBattery",
            "pos": [
                8147.2841796875,
                475.0740966796875,
                9105.0498046875
            ],
            "ypr": [
                -119.11409759521485,
                0.0,
                0.0
            ]
        },
        {
            "name": "CarBattery",
            "pos": [
                8146.736328125,
                475.0740966796875,
                9104.75
            ],
            "ypr": [
                -118.99999237060547,
                0.0,
                0.0
            ]
        },
        {
            "name": "CarBattery",
            "pos": [
                8146.18994140625,
                475.0704040527344,
                9104.46484375
            ],
            "ypr": [
                -118.99999237060547,
                0.0,
                0.0
            ]
        },
        {
            "name": "BatteryCharger",
            "pos": [
                8147.04638671875,
                474.6718444824219,
                9104.8564453125
            ],
            "ypr": [
                61.99705505371094,
                0.0,
                0.0
            ]
        },
        {
            "name": "BatteryCharger",
            "pos": [
                8146.44921875,
                474.6718444824219,
                9104.5078125
            ],
            "ypr": [
                61.0,
                0.0,
                0.0
            ]
        },
        {
            "name": "PowerGenerator",
            "pos": [
                8145.43701171875,
                474.5724792480469,
                9104.044921875
            ],
            "ypr": [
                151.10009765625,
                0.0,
                0.0
            ]
        },
        {
            "name": "PowerGenerator",
            "pos": [
                8143.330078125,
                474.5724792480469,
                9102.9287109375
            ],
            "ypr": [
                -26.67535400390625,
                0.0,
                0.0
            ]
        },
        {
            "name": "MediumTent",
            "pos": [
                8143.66357421875,
                475.37652587890627,
                9105.4677734375
            ],
            "ypr": [
                -28.265146255493165,
                0.0,
                0.0
            ]
        },
        {
            "name": "MediumTent_Green",
            "pos": [
                8143.66650390625,
                475.02801513671877,
                9105.4697265625
            ],
            "ypr": [
                -28.0,
                0.0,
                0.0
            ]
        },
        {
            "name": "MediumTent_Orange",
            "pos": [
                8143.6650390625,
                474.6775207519531,
                9105.46875
            ],
            "ypr": [
                -28.0,
                0.0,
                0.0
            ]
        },
        {
            "name": "CarTent",
            "pos": [
                8143.6650390625,
                475.736083984375,
                9105.369140625
            ],
            "ypr": [
                -117.99999237060547,
                0.0,
                0.0
            ]
        },
        {
            "name": "LargeTent",
            "pos": [
                8146.51171875,
                475.7200012207031,
                9106.900390625
            ],
            "ypr": [
                150.99964904785157,
                0.0,
                0.0
            ]
        },
        {
            "name": "PartyTent",
            "pos": [
                8146.51513671875,
                475.35308837890627,
                9106.9013671875
            ],
            "ypr": [
                -28.0,
                0.0,
                0.0
            ]
        },
        {
            "name": "PartyTent_Blue",
            "pos": [
                8146.51513671875,
                475.00311279296877,
                9106.9013671875
            ],
            "ypr": [
                -28.522220611572267,
                0.0,
                0.0
            ]
        },
        {
            "name": "PartyTent_Brown",
            "pos": [
                8146.513671875,
                474.6536865234375,
                9106.9013671875
            ],
            "ypr": [
                -28.22591209411621,
                0.0,
                0.0
            ]
        },
        {
            "name": "Flag_Chernarus",
            "pos": [
                8146.91015625,
                475.7743835449219,
                9107.48046875
            ],
            "ypr": [
                154.9999542236328,
                0.0,
                0.0
            ]
        },
        {
            "name": "Flag_Chedaki",
            "pos": [
                8146.3466796875,
                475.7594909667969,
                9107.1328125
            ],
            "ypr": [
                154.9999542236328,
                0.0,
                0.0
            ]
        },
        {
            "name": "Flag_NAPA",
            "pos": [
                8145.79931640625,
                475.758544921875,
                9106.833984375
            ],
            "ypr": [
                154.9999542236328,
                0.0,
                0.0
            ]
        },
        {
            "name": "Flag_CDF",
            "pos": [
                8146.8935546875,
                475.4093017578125,
                9107.48046875
            ],
            "ypr": [
                154.9999542236328,
                0.0,
                0.0
            ]
        },
        {
            "name": "Flag_Livonia",
            "pos": [
                8146.345703125,
                475.40985107421877,
                9107.1318359375
            ],
            "ypr": [
                154.9999542236328,
                0.0,
                0.0
            ]
        },
        {
            "name": "Flag_Altis",
            "pos": [
                8145.79052734375,
                475.41864013671877,
                9106.8525390625
            ],
            "ypr": [
                154.9999542236328,
                0.0,
                0.0
            ]
        },
        {
            "name": "Flag_SSahrani",
            "pos": [
                8146.88671875,
                475.0687255859375,
                9107.4970703125
            ],
            "ypr": [
                154.9999542236328,
                0.0,
                0.0
            ]
        },
        {
            "name": "Flag_NSahrani",
            "pos": [
                8146.33544921875,
                475.01873779296877,
                9107.150390625
            ],
            "ypr": [
                154.9999542236328,
                0.0,
                0.0
            ]
        },
        {
            "name": "Flag_DayZ",
            "pos": [
                8145.7900390625,
                475.0687255859375,
                9106.8515625
            ],
            "ypr": [
                154.9999542236328,
                0.0,
                0.0
            ]
        },
        {
            "name": "Flag_LivoniaArmy",
            "pos": [
                8146.3388671875,
                474.6688232421875,
                9107.1474609375
            ],
            "ypr": [
                154.9999542236328,
                0.0,
                0.0
            ]
        },
        {
            "name": "Flag_White",
            "pos": [
                8146.88623046875,
                474.6688232421875,
                9107.498046875
            ],
            "ypr": [
                155.33364868164063,
                0.0,
                0.0
            ]
        },
        {
            "name": "Flag_Bohemia",
            "pos": [
                8145.771484375,
                474.7138366699219,
                9106.8525390625
            ],
            "ypr": [
                155.8475799560547,
                0.0,
                0.0
            ]
        },
        {
            "name": "Flag_APA",
            "pos": [
                8143.9970703125,
                475.7576599121094,
                9105.9921875
            ],
            "ypr": [
                154.9999542236328,
                0.0,
                0.0
            ]
        },
        {
            "name": "Flag_UEC",
            "pos": [
                8143.39990234375,
                475.7574462890625,
                9105.6435546875
            ],
            "ypr": [
                154.9999542236328,
                0.0,
                0.0
            ]
        },
        {
            "name": "Flag_Pirates",
            "pos": [
                8142.7705078125,
                475.75347900390627,
                9105.29296875
            ],
            "ypr": [
                154.9999542236328,
                0.0,
                0.0
            ]
        },
        {
            "name": "Flag_Cannibals",
            "pos": [
                8144.0029296875,
                475.41925048828127,
                9106.0048828125
            ],
            "ypr": [
                154.9999542236328,
                0.0,
                0.0
            ]
        },
        {
            "name": "Flag_Bear",
            "pos": [
                8143.40625,
                475.41925048828127,
                9105.654296875
            ],
            "ypr": [
                154.9999542236328,
                0.0,
                0.0
            ]
        },
        {
            "name": "Flag_Wolf",
            "pos": [
                8142.7509765625,
                475.3965148925781,
                9105.2685546875
            ],
            "ypr": [
                154.9999542236328,
                0.0,
                0.0
            ]
        },
        {
            "name": "Flag_BabyDeer",
            "pos": [
                8143.37841796875,
                475.01934814453127,
                9105.6416015625
            ],
            "ypr": [
                154.9999542236328,
                0.0,
                0.0
            ]
        },
        {
            "name": "Flag_Rooster",
            "pos": [
                8144.0263671875,
                475.01934814453127,
                9105.990234375
            ],
            "ypr": [
                154.9999542236328,
                0.0,
                0.0
            ]
        },
        {
            "name": "Flag_LivoniaPolice",
            "pos": [
                8142.7314453125,
                475.0693359375,
                9105.2958984375
            ],
            "ypr": [
                154.9999542236328,
                0.0,
                0.0
            ]
        },
        {
            "name": "Flag_CMC",
            "pos": [
                8143.37890625,
                474.66943359375,
                9105.640625
            ],
            "ypr": [
                154.9999542236328,
                0.0,
                0.0
            ]
        },
        {
            "name": "Flag_TEC",
            "pos": [
                8144.02587890625,
                474.71942138671877,
                9105.9931640625
            ],
            "ypr": [
                155.40890502929688,
                0.0,
                0.0
            ]
        },
        {
            "name": "Flag_CHEL",
            "pos": [
                8142.73291015625,
                474.66949462890627,
                9105.291015625
            ],
            "ypr": [
                155.79737854003907,
                0.0,
                0.0
            ]
        },
        {
            "name": "Flag_Zenit",
            "pos": [
                8141.59619140625,
                475.4264831542969,
                9107.0263671875
            ],
            "ypr": [
                154.9999542236328,
                0.0,
                0.0
            ]
        },
        {
            "name": "Flag_HunterZ",
            "pos": [
                8142.27685546875,
                475.4023742675781,
                9107.318359375
            ],
            "ypr": [
                155.0369873046875,
                0.0,
                0.0
            ]
        },
        {
            "name": "Flag_BrainZ",
            "pos": [
                8143.02490234375,
                475.4033508300781,
                9107.5673828125
            ],
            "ypr": [
                154.9999542236328,
                0.0,
                0.0
            ]
        },
        {
            "name": "Flag_Refuge",
            "pos": [
                8141.58203125,
                475.0762023925781,
                9107.021484375
            ],
            "ypr": [
                154.9999542236328,
                0.0,
                0.0
            ]
        },
        {
            "name": "Flag_RSTA",
            "pos": [
                8142.2783203125,
                475.0350036621094,
                9107.2978515625
            ],
            "ypr": [
                155.75521850585938,
                0.0,
                0.0
            ]
        },
        {
            "name": "Flag_Snake",
            "pos": [
                8143.0146484375,
                475.0262145996094,
                9107.55859375
            ],
            "ypr": [
                154.9999542236328,
                0.0,
                0.0
            ]
        },
        {
            "name": "PartyTent_Lunapark",
            "pos": [
                8142.2080078125,
                474.70648193359377,
                9107.205078125
            ],
            "ypr": [
                -26.415786743164064,
                0.0,
                0.0
            ]
        },
        {
            "name": "Armband_White",
            "pos": [
                8143.5283203125,
                475.41900634765627,
                9107.8359375
            ],
            "ypr": [
                150.64947509765626,
                0.0,
                0.0
            ]
        },
        {
            "name": "Armband_Yellow",
            "pos": [
                8143.77783203125,
                475.4336853027344,
                9107.931640625
            ],
            "ypr": [
                149.9999542236328,
                0.0,
                0.0
            ]
        },
        {
            "name": "Armband_Orange",
            "pos": [
                8143.9755859375,
                475.4034729003906,
                9108.0625
            ],
            "ypr": [
                149.9999542236328,
                0.0,
                0.0
            ]
        },
        {
            "name": "Armband_Red",
            "pos": [
                8144.224609375,
                475.419921875,
                9108.1630859375
            ],
            "ypr": [
                149.9999542236328,
                0.0,
                0.0
            ]
        },
        {
            "name": "Armband_Green",
            "pos": [
                8144.423828125,
                475.4052734375,
                9108.3125
            ],
            "ypr": [
                150.96534729003907,
                0.0,
                0.0
            ]
        },
        {
            "name": "Armband_Pink",
            "pos": [
                8144.6240234375,
                475.406494140625,
                9108.4091796875
            ],
            "ypr": [
                150.32308959960938,
                0.0,
                0.0
            ]
        },
        {
            "name": "Armband_Blue",
            "pos": [
                8144.84716796875,
                475.40484619140627,
                9108.5478515625
            ],
            "ypr": [
                149.9999542236328,
                0.0,
                0.0
            ]
        },
        {
            "name": "Armband_Black",
            "pos": [
                8144.71826171875,
                474.7176818847656,
                9108.4541015625
            ],
            "ypr": [
                148.20663452148438,
                0.0,
                0.0
            ]
        },
        {
            "name": "Bandana_RedPattern",
            "pos": [
                8143.42578125,
                475.0701904296875,
                9107.751953125
            ],
            "ypr": [
                -41.99993896484375,
                -89.96572875976563,
                0.0
            ]
        },
        {
            "name": "Bandana_BlackPattern",
            "pos": [
                8143.7587890625,
                475.089111328125,
                9107.9140625
            ],
            "ypr": [
                -42.0,
                -89.96572875976563,
                0.0
            ]
        },
        {
            "name": "Bandana_PolkaPattern",
            "pos": [
                8144.064453125,
                475.0701904296875,
                9108.1005859375
            ],
            "ypr": [
                -42.0,
                -89.96572875976563,
                0.0
            ]
        },
        {
            "name": "Bandana_Greenpattern",
            "pos": [
                8144.37109375,
                475.08563232421877,
                9108.2373046875
            ],
            "ypr": [
                -42.0,
                -89.96572875976563,
                0.0
            ]
        },
        {
            "name": "Bandana_CamoPattern",
            "pos": [
                8144.67138671875,
                475.08392333984377,
                9108.388671875
            ],
            "ypr": [
                -42.0,
                -89.96572875976563,
                0.0
            ]
        },
        {
            "name": "Bandana_Blue",
            "pos": [
                8143.443359375,
                474.71148681640627,
                9107.7646484375
            ],
            "ypr": [
                -42.0,
                -89.96572875976563,
                0.0
            ]
        },
        {
            "name": "Bandana_Pink",
            "pos": [
                8143.83642578125,
                474.78033447265627,
                9107.89453125
            ],
            "ypr": [
                -42.0,
                -89.96572875976563,
                0.0
            ]
        },
        {
            "name": "Bandana_Yellow",
            "pos": [
                8144.1357421875,
                474.7303466796875,
                9108.146484375
            ],
            "ypr": [
                -42.0,
                -89.96572875976563,
                0.0
            ]
        },
        {
            "name": "SewingKit",
            "pos": [
                8145.39990234375,
                475.4391174316406,
                9108.763671875
            ],
            "ypr": [
                152.99913024902345,
                90.0,
                -0.00010427406232338399
            ]
        },
        {
            "name": "SewingKit",
            "pos": [
                8145.595703125,
                475.4378967285156,
                9108.865234375
            ],
            "ypr": [
                -27.0,
                89.98020935058594,
                -179.99989318847657
            ]
        },
        {
            "name": "LeatherSewingKit",
            "pos": [
                8145.94482421875,
                475.4205017089844,
                9109.0634765625
            ],
            "ypr": [
                153.9992218017578,
                89.96572875976563,
                0.0
            ]
        },
        {
            "name": "LeatherSewingKit",
            "pos": [
                8146.318359375,
                475.401611328125,
                9109.2744140625
            ],
            "ypr": [
                154.0,
                89.96572875976563,
                0.0
            ]
        },
        {
            "name": "WeaponCleaningKit",
            "pos": [
                8146.6669921875,
                475.48004150390627,
                9109.423828125
            ],
            "ypr": [
                -116.99951171875,
                87.9720230102539,
                -0.00003600000127335079
            ]
        },
        {
            "name": "NailBox",
            "pos": [
                8145.43359375,
                475.0995178222656,
                9108.7685546875
            ],
            "ypr": [
                151.23216247558595,
                0.0,
                0.0
            ]
        },
        {
            "name": "NailBox",
            "pos": [
                8145.6943359375,
                475.1164245605469,
                9108.8740234375
            ],
            "ypr": [
                151.5470733642578,
                0.0,
                0.0
            ]
        },
        {
            "name": "NailBox",
            "pos": [
                8145.896484375,
                475.0752258300781,
                9109.0390625
            ],
            "ypr": [
                151.0,
                0.0,
                0.0
            ]
        },
        {
            "name": "NailBox",
            "pos": [
                8146.162109375,
                475.0975036621094,
                9109.142578125
            ],
            "ypr": [
                151.07058715820313,
                0.0,
                0.0
            ]
        },
        {
            "name": "NailBox",
            "pos": [
                8146.40087890625,
                475.082275390625,
                9109.29296875
            ],
            "ypr": [
                151.60354614257813,
                0.0,
                0.0
            ]
        },
        {
            "name": "NailBox",
            "pos": [
                8146.68017578125,
                475.09918212890627,
                9109.4375
            ],
            "ypr": [
                151.03106689453126,
                0.0,
                0.0
            ]
        },
        {
            "name": "Whetstone",
            "pos": [
                8145.53662109375,
                474.7161865234375,
                9108.8662109375
            ],
            "ypr": [
                -25.999980926513673,
                0.0,
                0.0
            ]
        },
        {
            "name": "Whetstone",
            "pos": [
                8145.8857421875,
                474.7161865234375,
                9109.068359375
            ],
            "ypr": [
                -25.9999942779541,
                0.0,
                0.0
            ]
        },
        {
            "name": "Whetstone",
            "pos": [
                8146.28564453125,
                474.7161865234375,
                9109.2646484375
            ],
            "ypr": [
                -26.462158203125,
                0.0,
                0.0
            ]
        },
        {
            "name": "Whetstone",
            "pos": [
                8146.681640625,
                474.7161865234375,
                9109.46875
            ],
            "ypr": [
                -26.678390502929689,
                0.0,
                0.0
            ]
        },
        {
            "name": "Spotlight",
            "pos": [
                8140.36865234375,
                474.5731201171875,
                9106.3935546875
            ],
            "ypr": [
                100.21363830566406,
                0.0,
                0.0
            ]
        },
        {
            "name": "Spotlight",
            "pos": [
                8140.716796875,
                474.5731201171875,
                9106.6435546875
            ],
            "ypr": [
                99.99998474121094,
                0.0,
                0.0
            ]
        },
        {
            "name": "CableReel",
            "pos": [
                8140.56884765625,
                474.5731201171875,
                9106.142578125
            ],
            "ypr": [
                83.7513198852539,
                0.0,
                0.0
            ]
        },
        {
            "name": "CableReel",
            "pos": [
                8141.13916015625,
                474.5559387207031,
                9106.8349609375
            ],
            "ypr": [
                152.63258361816407,
                0.0,
                0.0
            ]
        }        
    ]
}