{
    "Objects": [
        {
            "name": "Land_Workshop_FuelStation",
            "pos": [
                8175.75439453125,
                476.77899169921877,
                9090.94921875
            ],
            "ypr": [
                63.45153045654297,
                -0.0,
                -0.0
            ]
        },
        {
            "name": "Land_FuelStation_Build",
            "pos": [
                8189.49951171875,
                475.62872314453127,
                9094.029296875
            ],
            "ypr": [
                -25.768781661987306,
                -0.0,
                -0.0
            ]
        },
        {
            "name": "Land_FuelStation_Feed",
            "pos": [
                8190.43798828125,
                474.8673095703125,
                9088.3291015625
            ],
            "ypr": [
                -27.000038146972658,
                0.0,
                0.0
            ]
        },
        {
            "name": "Land_Wall_Gate_IndCnc4_Low",
            "pos": [
                8193.8984375,
                475.0052795410156,
                9101.1083984375
            ],
            "ypr": [
                65.36376953125,
                -0.0,
                -0.0
            ]
        },
        {
            "name": "Land_Wall_Gate_IndCnc4_Low",
            "pos": [
                8187.796875,
                470.7763671875,
                9102.9404296875
            ],
            "ypr": [
                -26.359195709228517,
                0.0,
                -90.0
            ]
        },
        {
            "name": "Land_Wall_Gate_IndCnc4_Low",
            "pos": [
                8196.1611328125,
                470.7608947753906,
                9096.1728515625
            ],
            "ypr": [
                65.3637924194336,
                0.0,
                -90.0
            ]
        },
        {
            "name": "Land_Wall_Gate_IndCnc4_Low",
            "pos": [
                8185.96142578125,
                470.78497314453127,
                9102.0341796875
            ],
            "ypr": [
                -26.359195709228517,
                0.0,
                -90.0
            ]
        },
        {
            "name": "Land_Wall_Gate_IndCnc4_Low",
            "pos": [
                8184.09033203125,
                470.78497314453127,
                9101.11328125
            ],
            "ypr": [
                -26.359195709228517,
                0.0,
                -90.0
            ]
        },
        {
            "name": "Land_Wall_Gate_IndCnc4_Low",
            "pos": [
                8182.208984375,
                470.7850036621094,
                9100.1689453125
            ],
            "ypr": [
                -26.359195709228517,
                0.0,
                -90.0
            ]
        },
        {
            "name": "Land_Wall_Gate_IndCnc4_Low",
            "pos": [
                8191.419921875,
                470.70892333984377,
                9104.7294921875
            ],
            "ypr": [
                -26.359195709228517,
                0.0,
                -90.0
            ]
        },
        {
            "name": "Land_Wall_Gate_IndCnc4_Low",
            "pos": [
                8189.6650390625,
                470.78753662109377,
                9103.8662109375
            ],
            "ypr": [
                -26.359195709228517,
                0.0,
                -90.0
            ]
        },
        {
            "name": "Land_Wall_Gate_IndCnc4_Low",
            "pos": [
                8193.9033203125,
                470.7603454589844,
                9094.2275390625
            ],
            "ypr": [
                156.98939514160157,
                0.0,
                -90.0
            ]
        },
        {
            "name": "Land_Wall_Gate_IndCnc4_Low",
            "pos": [
                8195.869140625,
                470.7603759765625,
                9095.0634765625
            ],
            "ypr": [
                156.98963928222657,
                0.0,
                -90.0
            ]
        },
        {
            "name": "Land_Shed_M4",
            "pos": [
                8193.4404296875,
                475.1090087890625,
                9097.1298828125
            ],
            "ypr": [
                155.34996032714845,
                0.0,
                0.0
            ]
        },
        {
            "name": "Land_Roadblock_Table",
            "pos": [
                8191.7021484375,
                474.4529724121094,
                9093.5361328125
            ],
            "ypr": [
                154.88165283203126,
                0.0,
                -0.0
            ]
        },
        {
            "name": "HatchbackDoors_Driver",
            "pos": [
                8183.8798828125,
                477.1109313964844,
                9089.83984375
            ],
            "ypr": [
                65.88919830322266,
                0.0,
                15.0
            ]
        },
        {
            "name": "HatchbackDoors_CoDriver",
            "pos": [
                8182.990234375,
                477.122802734375,
                9089.3955078125
            ],
            "ypr": [
                -116.92800903320313,
                0.0,
                -15.0
            ]
        },
        {
            "name": "HatchbackDoors_Driver_Blue",
            "pos": [
                8183.58837890625,
                475.9075012207031,
                9090.0986328125
            ],
            "ypr": [
                68.60179138183594,
                0.0,
                15.0
            ]
        },
        {
            "name": "HatchbackDoors_CoDriver_Blue",
            "pos": [
                8182.67578125,
                475.8947448730469,
                9089.78125
            ],
            "ypr": [
                -114.12098693847656,
                0.0,
                -15.0
            ]
        },
        {
            "name": "HatchbackDoors_Driver_White",
            "pos": [
                8184.87841796875,
                477.005126953125,
                9090.2275390625
            ],
            "ypr": [
                66.96214294433594,
                -0.0,
                -0.0
            ]
        },
        {
            "name": "HatchbackDoors_CoDriver_White",
            "pos": [
                8185.02587890625,
                475.9239807128906,
                9090.2880859375
            ],
            "ypr": [
                -116.99996185302735,
                0.0,
                -0.0
            ]
        },
        {
            "name": "HatchbackTrunk",
            "pos": [
                8183.2099609375,
                477.0951232910156,
                9089.650390625
            ],
            "ypr": [
                155.0867919921875,
                9.999249458312989,
                0.0
            ]
        },
        {
            "name": "HatchbackTrunk_Blue",
            "pos": [
                8183.16015625,
                475.8521728515625,
                9090.15625
            ],
            "ypr": [
                158.31080627441407,
                -0.0,
                -0.0
            ]
        },
        {
            "name": "HatchbackTrunk_White",
            "pos": [
                8184.7265625,
                475.8416748046875,
                9090.5498046875
            ],
            "ypr": [
                153.50433349609376,
                -0.0,
                -0.0
            ]
        },
        {
            "name": "Hatchback_02_Door_1_1",
            "pos": [
                8181.94091796875,
                477.0966491699219,
                9088.93359375
            ],
            "ypr": [
                61.57280731201172,
                -0.0,
                -0.0
            ]
        },
        {
            "name": "Hatchback_02_Door_2_1",
            "pos": [
                8180.93212890625,
                477.1133728027344,
                9088.427734375
            ],
            "ypr": [
                -116.4712905883789,
                -0.0,
                -0.0
            ]
        },
        {
            "name": "Hatchback_02_Door_1_2",
            "pos": [
                8181.7080078125,
                475.8686218261719,
                9089.2470703125
            ],
            "ypr": [
                62.417659759521487,
                -0.0,
                -0.0
            ]
        },
        {
            "name": "Hatchback_02_Door_2_2",
            "pos": [
                8180.68115234375,
                475.8756103515625,
                9088.7578125
            ],
            "ypr": [
                -118.0360336303711,
                -0.0,
                -0.0
            ]
        },
        {
            "name": "Hatchback_02_Hood",
            "pos": [
                8181.39990234375,
                478.9999084472656,
                9088.5
            ],
            "ypr": [
                -27.467010498046876,
                -90.0,
                -0.000022311800421448426
            ]
        },
        {
            "name": "Hatchback_02_Trunk",
            "pos": [
                8181.26416015625,
                476.2235107421875,
                9088.982421875
            ],
            "ypr": [
                152.302001953125,
                24.999996185302736,
                0.0
            ]
        },
        {
            "name": "Hatchback_02_Door_1_1_Black",
            "pos": [
                8179.935546875,
                477.1103515625,
                9087.9853515625
            ],
            "ypr": [
                62.01519775390625,
                -0.0,
                -0.0
            ]
        },
        {
            "name": "Hatchback_02_Door_2_1_Black",
            "pos": [
                8179.0478515625,
                477.1119079589844,
                9087.392578125
            ],
            "ypr": [
                -113.86422729492188,
                -0.0,
                -0.0
            ]
        },
        {
            "name": "Hatchback_02_Door_1_2_Black",
            "pos": [
                8179.6953125,
                475.8813171386719,
                9088.2353515625
            ],
            "ypr": [
                62.040443420410159,
                -0.0,
                -0.0
            ]
        },
        {
            "name": "Hatchback_02_Door_2_2_Black",
            "pos": [
                8178.75634765625,
                475.8947448730469,
                9087.7197265625
            ],
            "ypr": [
                -117.75804138183594,
                -0.0,
                -0.0
            ]
        },
        {
            "name": "Hatchback_02_Hood_Black",
            "pos": [
                8179.5,
                479.07965087890627,
                9087.5
            ],
            "ypr": [
                -29.886993408203126,
                -90.0,
                -0.000022311800421448426
            ]
        },
        {
            "name": "Hatchback_02_Trunk_Black",
            "pos": [
                8179.240234375,
                476.361572265625,
                9087.8837890625
            ],
            "ypr": [
                152.47296142578126,
                24.999982833862306,
                0.0
            ]
        },
        {
            "name": "HatchbackHood_White",
            "pos": [
                8184.7001953125,
                478.2300109863281,
                9090.259765625
            ],
            "ypr": [
                -24.745006561279298,
                -89.9515380859375,
                -0.000005008955668017734
            ]
        },
        {
            "name": "HatchbackHood",
            "pos": [
                8183.109375,
                478.2861022949219,
                9089.416015625
            ],
            "ypr": [
                -24.95989418029785,
                -89.97201538085938,
                -0.00002231179860245902
            ]
        },
        {
            "name": "HatchbackHood_Blue",
            "pos": [
                8182.34912109375,
                476.0157775878906,
                9090.0380859375
            ],
            "ypr": [
                -27.0,
                -74.99999237060547,
                0.0
            ]
        },
        {
            "name": "Hatchback_02_Door_1_1_Blue",
            "pos": [
                8177.9638671875,
                476.9871520996094,
                9086.826171875
            ],
            "ypr": [
                63.48737716674805,
                -0.0,
                -0.0
            ]
        },
        {
            "name": "Hatchback_02_Door_2_1_Blue",
            "pos": [
                8176.80322265625,
                476.9850769042969,
                9086.244140625
            ],
            "ypr": [
                -115.54679870605469,
                -0.0,
                -0.0
            ]
        },
        {
            "name": "Hatchback_02_Door_1_2_Blue",
            "pos": [
                8177.900390625,
                475.88232421875,
                9086.7880859375
            ],
            "ypr": [
                65.48412322998047,
                -0.0,
                -0.0
            ]
        },
        {
            "name": "Hatchback_02_Door_2_2_Blue",
            "pos": [
                8176.81005859375,
                475.85699462890627,
                9086.240234375
            ],
            "ypr": [
                -115.38799285888672,
                0.0,
                0.0
            ]
        },
        {
            "name": "Hatchback_02_Door_2_2_Blue",
            "pos": [
                8176.83154296875,
                475.8719482421875,
                9086.255859375
            ],
            "ypr": [
                -117.34235382080078,
                -0.0,
                -0.0
            ]
        },
        {
            "name": "Hatchback_02_Hood_Blue",
            "pos": [
                8177.4873046875,
                479.1003723144531,
                9086.6455078125
            ],
            "ypr": [
                152.5903778076172,
                -90.0,
                179.99998474121095
            ]
        },
        {
            "name": "Hatchback_02_Trunk_Blue",
            "pos": [
                8177.35986328125,
                476.2019958496094,
                9086.490234375
            ],
            "ypr": [
                154.2549591064453,
                24.999996185302736,
                0.0
            ]
        },
        {
            "name": "CivSedanDoors_Driver",
            "pos": [
                8180.0625,
                478.14288330078127,
                9093.5546875
            ],
            "ypr": [
                63.420658111572269,
                -0.0,
                -0.0
            ]
        },
        {
            "name": "CivSedanDoors_CoDriver",
            "pos": [
                8179.16015625,
                478.1453552246094,
                9093.10546875
            ],
            "ypr": [
                -117.31774139404297,
                -0.0,
                -0.0
            ]
        },
        {
            "name": "CivSedanDoors_BackLeft",
            "pos": [
                8180.025390625,
                476.9946594238281,
                9093.5009765625
            ],
            "ypr": [
                62.77247619628906,
                -0.0,
                -0.0
            ]
        },
        {
            "name": "CivSedanDoors_BackRight",
            "pos": [
                8180.1884765625,
                475.80926513671877,
                9093.59765625
            ],
            "ypr": [
                -117.74320983886719,
                -0.0,
                -0.0
            ]
        },
        {
            "name": "CivSedanHood",
            "pos": [
                8179.0263671875,
                475.9017639160156,
                9092.9423828125
            ],
            "ypr": [
                -116.99996185302735,
                0.0,
                -0.0
            ]
        },
        {
            "name": "CivSedanTrunk",
            "pos": [
                8178.91943359375,
                475.8264465332031,
                9093.2529296875
            ],
            "ypr": [
                -117.0,
                0.0,
                -15.0
            ]
        },
        {
            "name": "CivSedanDoors_Driver_Wine",
            "pos": [
                8177.97509765625,
                478.15460205078127,
                9092.51953125
            ],
            "ypr": [
                62.99997329711914,
                -0.0,
                -0.0
            ]
        },
        {
            "name": "CivSedanDoors_CoDriver_Wine",
            "pos": [
                8177.08349609375,
                478.1546325683594,
                9092.044921875
            ],
            "ypr": [
                -118.27937316894531,
                -0.0,
                -0.0
            ]
        },
        {
            "name": "CivSedanDoors_BackLeft_Wine",
            "pos": [
                8177.4501953125,
                476.2300109863281,
                9092.4599609375
            ],
            "ypr": [
                63.0,
                0.0,
                33.0
            ]
        },
        {
            "name": "CivSedanDoors_BackRight_Wine",
            "pos": [
                8176.5634765625,
                476.2582702636719,
                9091.85546875
            ],
            "ypr": [
                -116.2599868774414,
                0.0,
                -33.0
            ]
        },
        {
            "name": "CivSedanHood_Wine",
            "pos": [
                8176.9599609375,
                475.90899658203127,
                9092.759765625
            ],
            "ypr": [
                -116.0050048828125,
                0.0,
                -33.0
            ]
        },
        {
            "name": "CivSedanTrunk_Wine",
            "pos": [
                8176.7666015625,
                474.8768615722656,
                9092.9345703125
            ],
            "ypr": [
                -117.0,
                0.0,
                -33.0
            ]
        },
        {
            "name": "CivSedanDoors_Driver_Black",
            "pos": [
                8176.037109375,
                478.14178466796877,
                9091.5498046875
            ],
            "ypr": [
                63.00254440307617,
                0.0,
                -0.0
            ]
        },
        {
            "name": "CivSedanDoors_CoDriver_Black",
            "pos": [
                8175.14453125,
                478.1515197753906,
                9091.1015625
            ],
            "ypr": [
                -116.81678771972656,
                -0.0,
                -0.0
            ]
        },
        {
            "name": "CivSedanDoors_BackLeft_Black",
            "pos": [
                8174.3359375,
                476.974609375,
                9090.689453125
            ],
            "ypr": [
                63.0,
                0.0,
                0.0
            ]
        },
        {
            "name": "CivSedanDoors_BackRight_Black",
            "pos": [
                8174.41650390625,
                475.78594970703127,
                9090.6865234375
            ],
            "ypr": [
                -115.09601593017578,
                -0.0,
                -0.0
            ]
        },
        {
            "name": "CivSedanHood_Black",
            "pos": [
                8175.37841796875,
                475.8763122558594,
                9091.34375
            ],
            "ypr": [
                -117.0,
                0.0,
                -15.0
            ]
        },
        {
            "name": "CivSedanTrunk_Black",
            "pos": [
                8175.1826171875,
                475.81060791015627,
                9091.6943359375
            ],
            "ypr": [
                -116.99598693847656,
                0.0,
                -32.999969482421878
            ]
        },
        {
            "name": "Sedan_02_Door_1_1",
            "pos": [
                8178.7158203125,
                478.10675048828127,
                9098.2001953125
            ],
            "ypr": [
                -116.99970245361328,
                0.0,
                -0.0
            ]
        },
        {
            "name": "Sedan_02_Door_2_1",
            "pos": [
                8179.68017578125,
                478.1080017089844,
                9098.66796875
            ],
            "ypr": [
                -116.81381225585938,
                0.0,
                -0.0
            ]
        },
        {
            "name": "Sedan_02_Door_1_2",
            "pos": [
                8179.599609375,
                476.67950439453127,
                9098.6123046875
            ],
            "ypr": [
                -116.99991607666016,
                0.0,
                -0.0
            ]
        },
        {
            "name": "Sedan_02_Door_2_2",
            "pos": [
                8178.79443359375,
                476.69232177734377,
                9098.232421875
            ],
            "ypr": [
                -116.99934387207031,
                0.0,
                -0.0
            ]
        },
        {
            "name": "Sedan_02_Door_1_1_Red",
            "pos": [
                8176.888671875,
                478.1135559082031,
                9097.29296875
            ],
            "ypr": [
                -117.12020874023438,
                0.0,
                -0.0
            ]
        },
        {
            "name": "Sedan_02_Door_2_1_Red",
            "pos": [
                8177.84130859375,
                478.1002502441406,
                9097.7529296875
            ],
            "ypr": [
                -116.09176635742188,
                0.0,
                -0.0
            ]
        },
        {
            "name": "Sedan_02_Door_1_2_Red",
            "pos": [
                8176.90478515625,
                476.66448974609377,
                9097.2607421875
            ],
            "ypr": [
                -116.99996185302735,
                0.0,
                -0.0
            ]
        },
        {
            "name": "Sedan_02_Door_2_2_Red",
            "pos": [
                8177.95263671875,
                476.66424560546877,
                9097.8056640625
            ],
            "ypr": [
                -116.99996185302735,
                0.0,
                -0.0
            ]
        },
        {
            "name": "Sedan_02_Door_1_1_Grey",
            "pos": [
                8175.044921875,
                478.0406188964844,
                9096.3330078125
            ],
            "ypr": [
                -116.99996185302735,
                0.0,
                -0.0
            ]
        },
        {
            "name": "Sedan_02_Door_2_1_Grey",
            "pos": [
                8176.0048828125,
                478.11456298828127,
                9096.8857421875
            ],
            "ypr": [
                -115.87957763671875,
                0.0,
                -0.0
            ]
        },
        {
            "name": "Sedan_02_Door_1_2_Grey",
            "pos": [
                8175.125,
                477.00543212890627,
                9096.3798828125
            ],
            "ypr": [
                -116.99991607666016,
                0.0,
                -0.0
            ]
        },
        {
            "name": "Sedan_02_Door_2_2_Grey",
            "pos": [
                8176.1103515625,
                476.66680908203127,
                9096.859375
            ],
            "ypr": [
                -116.99996185302735,
                0.0,
                -0.0
            ]
        },
        {
            "name": "Sedan_02_Trunk",
            "pos": [
                8179.150390625,
                476.3750915527344,
                9098.1552734375
            ],
            "ypr": [
                -25.416698455810548,
                0.0,
                90.0
            ]
        },
        {
            "name": "Sedan_02_Trunk_Red",
            "pos": [
                8176.82275390625,
                476.3729248046875,
                9096.966796875
            ],
            "ypr": [
                -27.627193450927736,
                0.0,
                90.0
            ]
        },
        {
            "name": "Sedan_02_Trunk_Grey",
            "pos": [
                8176.38330078125,
                475.85211181640627,
                9095.923828125
            ],
            "ypr": [
                -107.99999237060547,
                0.0,
                33.0
            ]
        },
        {
            "name": "Sedan_02_Hood_Red",
            "pos": [
                8177.466796875,
                475.9079895019531,
                9096.4384765625
            ],
            "ypr": [
                -125.99999237060547,
                0.0,
                33.0
            ]
        },
        {
            "name": "Sedan_02_Hood",
            "pos": [
                8179.2451171875,
                475.9191589355469,
                9097.33203125
            ],
            "ypr": [
                -125.99999237060547,
                0.0,
                33.0
            ]
        },
        {
            "name": "Sedan_02_Hood_Grey",
            "pos": [
                8175.4150390625,
                475.941650390625,
                9095.5419921875
            ],
            "ypr": [
                -125.15796661376953,
                0.0,
                33.0
            ]
        },
        {
            "name": "BatteryCharger",
            "pos": [
                8176.84326171875,
                476.6943664550781,
                9090.994140625
            ],
            "ypr": [
                -137.17840576171876,
                -0.0,
                -0.0
            ]
        },
        {
            "name": "BatteryCharger",
            "pos": [
                8176.0546875,
                476.7070007324219,
                9090.705078125
            ],
            "ypr": [
                -143.99977111816407,
                0.0,
                -0.0
            ]
        },
        {
            "name": "TruckBattery",
            "pos": [
                8175.681640625,
                476.01470947265627,
                9090.5712890625
            ],
            "ypr": [
                159.81736755371095,
                -0.0,
                -0.0
            ]
        },
        {
            "name": "TruckBattery",
            "pos": [
                8175.8193359375,
                475.6656494140625,
                9090.634765625
            ],
            "ypr": [
                -11.80678939819336,
                -0.0,
                -0.0
            ]
        },
        {
            "name": "CarBattery",
            "pos": [
                8177.2470703125,
                476.0220642089844,
                9091.1259765625
            ],
            "ypr": [
                -19.963687896728517,
                -0.0,
                -0.0
            ]
        },
        {
            "name": "CarBattery",
            "pos": [
                8177.20654296875,
                475.664794921875,
                9091.064453125
            ],
            "ypr": [
                -13.043143272399903,
                -0.0,
                -0.0
            ]
        },
        {
            "name": "CarBattery",
            "pos": [
                8176.8203125,
                476.0172119140625,
                9091.0224609375
            ],
            "ypr": [
                65.58965301513672,
                -0.0,
                -0.0
            ]
        },
        {
            "name": "CarBattery",
            "pos": [
                8176.78662109375,
                475.6565246582031,
                9090.974609375
            ],
            "ypr": [
                -14.923493385314942,
                0.0,
                0.0
            ]
        },
        {
            "name": "TruckBattery",
            "pos": [
                8175.82275390625,
                476.35601806640627,
                9090.7099609375
            ],
            "ypr": [
                154.98207092285157,
                -0.0,
                -0.0
            ]
        },
        {
            "name": "CanisterGasoline",
            "pos": [
                8178.30517578125,
                476.9075012207031,
                9091.8427734375
            ],
            "ypr": [
                151.67889404296876,
                -0.0,
                -0.0
            ]
        },
        {
            "name": "CanisterGasoline",
            "pos": [
                8178.9755859375,
                476.8988342285156,
                9092.2216796875
            ],
            "ypr": [
                151.67892456054688,
                0.0,
                0.0
            ]
        },
        {
            "name": "CanisterGasoline",
            "pos": [
                8179.3056640625,
                476.9022521972656,
                9092.3974609375
            ],
            "ypr": [
                151.67889404296876,
                0.0,
                -0.0
            ]
        },
        {
            "name": "SparkPlug",
            "pos": [
                8179.95703125,
                476.7250061035156,
                9090.046875
            ],
            "ypr": [
                -0.000022311800421448426,
                90.0,
                -0.000022311800421448426
            ]
        },
        {
            "name": "SparkPlug",
            "pos": [
                8179.30517578125,
                476.70709228515627,
                9090.0927734375
            ],
            "ypr": [
                -0.000022311800421448426,
                -90.0,
                -0.000022311800421448426
            ]
        },
        {
            "name": "SparkPlug",
            "pos": [
                8179.03125,
                476.70697021484377,
                9089.619140625
            ],
            "ypr": [
                -0.000022311800421448426,
                90.0,
                -0.000022311800421448426
            ]
        },
        {
            "name": "SparkPlug",
            "pos": [
                8178.80322265625,
                476.713134765625,
                9089.8759765625
            ],
            "ypr": [
                -0.000022311800421448426,
                -90.0,
                -0.000022311800421448426
            ]
        },
        {
            "name": "SparkPlug",
            "pos": [
                8178.65966796875,
                476.7113037109375,
                9089.380859375
            ],
            "ypr": [
                -0.000022311800421448426,
                90.0,
                -0.000022311800421448426
            ]
        },
        {
            "name": "SparkPlug",
            "pos": [
                8178.3798828125,
                476.7202453613281,
                9089.63671875
            ],
            "ypr": [
                -0.000022311800421448426,
                -90.0,
                -0.000022311800421448426
            ]
        },
        {
            "name": "SparkPlug",
            "pos": [
                8179.619140625,
                476.716064453125,
                9089.8544921875
            ],
            "ypr": [
                -0.000022311800421448426,
                90.0,
                -0.000022311800421448426
            ]
        },
        {
            "name": "SparkPlug",
            "pos": [
                8179.92529296875,
                476.7213439941406,
                9090.4208984375
            ],
            "ypr": [
                -0.000022311800421448426,
                -90.0,
                -0.000022311800421448426
            ]
        },
        {
            "name": "Land_Wall_Gate_IndCnc4_Low",
            "pos": [
                8186.626953125,
                472.23968505859377,
                9090.857421875
            ],
            "ypr": [
                155.61767578125,
                0.0,
                -90.0
            ]
        },
        {
            "name": "TireRepairKit",
            "pos": [
                8178.27783203125,
                476.42840576171877,
                9091.8349609375
            ],
            "ypr": [
                -15.658276557922364,
                -0.0,
                -0.0
            ]
        },
        {
            "name": "TireRepairKit",
            "pos": [
                8179.62890625,
                476.42864990234377,
                9092.5537109375
            ],
            "ypr": [
                0.0,
                -0.0,
                -0.0
            ]
        },
        {
            "name": "TireRepairKit",
            "pos": [
                8178.57763671875,
                476.07080078125,
                9092.015625
            ],
            "ypr": [
                0.0,
                -0.0,
                -0.0
            ]
        },
        {
            "name": "TireRepairKit",
            "pos": [
                8179.619140625,
                476.0732421875,
                9092.5625
            ],
            "ypr": [
                0.0,
                -0.0,
                -0.0
            ]
        },
        {
            "name": "TireRepairKit",
            "pos": [
                8179.06884765625,
                476.0676574707031,
                9092.2392578125
            ],
            "ypr": [
                0.0,
                -0.0,
                -0.0
            ]
        },
        {
            "name": "TireRepairKit",
            "pos": [
                8179.25,
                476.4161071777344,
                9092.2841796875
            ],
            "ypr": [
                0.0,
                -0.0,
                -0.0
            ]
        },
        {
            "name": "TireRepairKit",
            "pos": [
                8178.7431640625,
                475.7230529785156,
                9092.1201171875
            ],
            "ypr": [
                0.0,
                -0.0,
                -0.0
            ]
        },
        {
            "name": "TireRepairKit",
            "pos": [
                8179.4375,
                475.73101806640627,
                9092.3349609375
            ],
            "ypr": [
                0.0,
                -0.0,
                -0.0
            ]
        },
        {
            "name": "HeadlightH7_Box",
            "pos": [
                8182.85546875,
                476.7033386230469,
                9091.927734375
            ],
            "ypr": [
                0.0,
                0.0,
                0.0
            ]
        },
        {
            "name": "HeadlightH7_Box",
            "pos": [
                8182.50927734375,
                476.69580078125,
                9091.7001953125
            ],
            "ypr": [
                0.0,
                -0.0,
                -0.0
            ]
        },
        {
            "name": "HeadlightH7_Box",
            "pos": [
                8181.525390625,
                476.6987609863281,
                9091.19921875
            ],
            "ypr": [
                0.0,
                -0.0,
                -0.0
            ]
        },
        {
            "name": "HeadlightH7_Box",
            "pos": [
                8182.10498046875,
                476.7038269042969,
                9091.599609375
            ],
            "ypr": [
                0.0,
                -0.0,
                -0.0
            ]
        },
        {
            "name": "HeadlightH7_Box",
            "pos": [
                8182.23046875,
                476.6987609863281,
                9091.1474609375
            ],
            "ypr": [
                0.0,
                -0.0,
                -0.0
            ]
        },
        {
            "name": "HeadlightH7_Box",
            "pos": [
                8183.14599609375,
                476.71734619140627,
                9091.54296875
            ],
            "ypr": [
                0.0,
                -0.0,
                -0.0
            ]
        },
        {
            "name": "HeadlightH7_Box",
            "pos": [
                8181.9384765625,
                476.6922302246094,
                9091.0419921875
            ],
            "ypr": [
                0.0,
                -0.0,
                -0.0
            ]
        },
        {
            "name": "HeadlightH7_Box",
            "pos": [
                8181.5283203125,
                476.7039794921875,
                9090.751953125
            ],
            "ypr": [
                0.0,
                -0.0,
                -0.0
            ]
        },
        {
            "name": "Truck_01_Door_1_1_Blue",
            "pos": [
                8183.37109375,
                475.48065185546877,
                9094.6494140625
            ],
            "ypr": [
                -26.999990463256837,
                0.0,
                0.0
            ]
        },
        {
            "name": "Truck_01_Door_2_1_Blue",
            "pos": [
                8183.74560546875,
                476.84539794921877,
                9093.7861328125
            ],
            "ypr": [
                162.0000762939453,
                0.0,
                -0.0
            ]
        },
        {
            "name": "Truck_01_Hood_Blue",
            "pos": [
                8182.4423828125,
                476.8612976074219,
                9096.595703125
            ],
            "ypr": [
                -113.40789031982422,
                -0.0,
                -0.0
            ]
        },
        {
            "name": "Truck_01_Hood",
            "pos": [
                8182.46435546875,
                478.5017395019531,
                9096.63671875
            ],
            "ypr": [
                -116.99996185302735,
                0.0,
                -0.0
            ]
        },
        {
            "name": "Truck_01_Hood_Orange",
            "pos": [
                8182.46484375,
                477.6730651855469,
                9096.60546875
            ],
            "ypr": [
                -116.99996185302735,
                0.0,
                -0.0
            ]
        },
        {
            "name": "Truck_01_Door_1_1_Orange",
            "pos": [
                8183.8515625,
                476.819091796875,
                9093.7490234375
            ],
            "ypr": [
                -27.0,
                0.0,
                0.0
            ]
        },
        {
            "name": "Truck_01_Door_2_1_Orange",
            "pos": [
                8184.2333984375,
                475.4469909667969,
                9092.8203125
            ],
            "ypr": [
                161.9998321533203,
                0.0,
                -0.0
            ]
        },
        {
            "name": "Truck_01_Door_1_1",
            "pos": [
                8182.7822265625,
                476.80523681640627,
                9095.9130859375
            ],
            "ypr": [
                -26.999990463256837,
                0.0,
                0.0
            ]
        },
        {
            "name": "Truck_01_Door_2_1",
            "pos": [
                8183.11279296875,
                475.49029541015627,
                9095.001953125
            ],
            "ypr": [
                161.9998321533203,
                0.0,
                -0.0
            ]
        },
        {
            "name": "HatchbackWheel",
            "pos": [
                8193.09375,
                474.3431701660156,
                9094.5947265625
            ],
            "ypr": [
                -27.0,
                0.0,
                0.0
            ]
        },
        {
            "name": "HatchbackWheel",
            "pos": [
                8193.267578125,
                474.32720947265627,
                9094.640625
            ],
            "ypr": [
                -27.0,
                0.0,
                0.0
            ]
        },
        {
            "name": "HatchbackWheel",
            "pos": [
                8193.42578125,
                474.3199157714844,
                9094.71484375
            ],
            "ypr": [
                -27.0,
                0.0,
                0.0
            ]
        },
        {
            "name": "HatchbackWheel",
            "pos": [
                8193.603515625,
                474.31768798828127,
                9094.7724609375
            ],
            "ypr": [
                -27.0,
                0.0,
                0.0
            ]
        },
        {
            "name": "CivSedanWheel",
            "pos": [
                8193.8212890625,
                474.3582763671875,
                9094.9951171875
            ],
            "ypr": [
                -27.0,
                0.0,
                0.0
            ]
        },
        {
            "name": "CivSedanWheel",
            "pos": [
                8193.978515625,
                474.3583984375,
                9095.052734375
            ],
            "ypr": [
                -27.0,
                0.0,
                0.0
            ]
        },
        {
            "name": "CivSedanWheel",
            "pos": [
                8194.1396484375,
                474.3643493652344,
                9095.1044921875
            ],
            "ypr": [
                -27.0,
                0.0,
                0.0
            ]
        },
        {
            "name": "CivSedanWheel",
            "pos": [
                8194.30078125,
                474.365234375,
                9095.171875
            ],
            "ypr": [
                -27.0,
                0.0,
                0.0
            ]
        },
        {
            "name": "Hatchback_02_Wheel",
            "pos": [
                8195.1650390625,
                474.2093200683594,
                9095.529296875
            ],
            "ypr": [
                -27.0,
                0.0,
                0.0
            ]
        },
        {
            "name": "Hatchback_02_Wheel",
            "pos": [
                8194.943359375,
                474.2505187988281,
                9095.44921875
            ],
            "ypr": [
                -27.0,
                0.0,
                0.0
            ]
        },
        {
            "name": "Hatchback_02_Wheel",
            "pos": [
                8194.7373046875,
                474.2692565917969,
                9095.3759765625
            ],
            "ypr": [
                -27.0,
                0.0,
                0.0
            ]
        },
        {
            "name": "Hatchback_02_Wheel",
            "pos": [
                8194.5322265625,
                474.296630859375,
                9095.3046875
            ],
            "ypr": [
                -27.0,
                0.0,
                0.0
            ]
        },
        {
            "name": "Sedan_02_Wheel",
            "pos": [
                8193.5244140625,
                474.3330078125,
                9099.5078125
            ],
            "ypr": [
                62.99997329711914,
                -0.0,
                -0.0
            ]
        },
        {
            "name": "Sedan_02_Wheel",
            "pos": [
                8193.6279296875,
                474.33221435546877,
                9099.32421875
            ],
            "ypr": [
                63.000030517578128,
                -0.0,
                -0.0
            ]
        },
        {
            "name": "Sedan_02_Wheel",
            "pos": [
                8193.7138671875,
                474.3330993652344,
                9099.1328125
            ],
            "ypr": [
                63.000030517578128,
                -0.0,
                -0.0
            ]
        },
        {
            "name": "Sedan_02_Wheel",
            "pos": [
                8193.8193359375,
                474.3327331542969,
                9098.9404296875
            ],
            "ypr": [
                63.000030517578128,
                -0.0,
                -0.0
            ]
        },
        {
            "name": "Truck_01_Wheel",
            "pos": [
                8194.3623046875,
                474.4198913574219,
                9097.828125
            ],
            "ypr": [
                -116.99996185302735,
                0.0,
                -0.0
            ]
        },
        {
            "name": "Truck_01_Wheel",
            "pos": [
                8194.205078125,
                474.42315673828127,
                9098.013671875
            ],
            "ypr": [
                -116.99996185302735,
                0.0,
                -0.0
            ]
        },
        {
            "name": "Truck_01_Wheel",
            "pos": [
                8194.12890625,
                474.43780517578127,
                9098.224609375
            ],
            "ypr": [
                -116.99996185302735,
                0.0,
                -0.0
            ]
        },
        {
            "name": "Truck_01_Wheel",
            "pos": [
                8194.0439453125,
                474.43804931640627,
                9098.4541015625
            ],
            "ypr": [
                -116.99996185302735,
                0.0,
                -0.0
            ]
        },
        {
            "name": "Truck_01_WheelDouble",
            "pos": [
                8194.4462890625,
                474.1988830566406,
                9097.220703125
            ],
            "ypr": [
                -117.0,
                0.0,
                -90.0
            ]
        },
        {
            "name": "Truck_01_WheelDouble",
            "pos": [
                8194.46484375,
                474.6650695800781,
                9097.244140625
            ],
            "ypr": [
                -117.0,
                0.0,
                -90.0
            ]
        },
        {
            "name": "Truck_01_WheelDouble",
            "pos": [
                8194.880859375,
                474.2003173828125,
                9096.3984375
            ],
            "ypr": [
                -117.0,
                0.0,
                -90.0
            ]
        },
        {
            "name": "Truck_01_WheelDouble",
            "pos": [
                8194.90625,
                474.6743469238281,
                9096.416015625
            ],
            "ypr": [
                -117.0,
                0.0,
                -90.0
            ]
        },
        {
            "name": "Land_FuelStation_Feed",
            "pos": [
                8193.376953125,
                474.8530578613281,
                9089.8408203125
            ],
            "ypr": [
                -27.000036239624025,
                0.0,
                0.0
            ]
        },
        {
            "name": "Land_Ruin_Highway_Pillar1",
            "pos": [
                8183.9658203125,
                469.0537414550781,
                9084.75390625
            ],
            "ypr": [
                -27.000017166137697,
                -89.94403839111328,
                -0.000005008955668017734
            ]
        },
        {
            "name": "Land_Misc_Well_Pump_Blue",
            "pos": [
                8193.109375,
                473.8173828125,
                9093.4990234375
            ],
            "ypr": [
                66.90703582763672,
                -0.0,
                -0.0
            ]
        },
        {
            "name": "SodaCan_Cola",
            "pos": [
                8191.2529296875,
                474.90057373046877,
                9093.599609375
            ],
            "ypr": [
                -91.74375915527344,
                -0.0,
                -0.0
            ]
        },
        {
            "name": "SodaCan_Cola",
            "pos": [
                8191.3037109375,
                474.90057373046877,
                9093.521484375
            ],
            "ypr": [
                -91.74375915527344,
                -0.0,
                -0.0
            ]
        },
        {
            "name": "SodaCan_Cola",
            "pos": [
                8191.232421875,
                474.90277099609377,
                9093.474609375
            ],
            "ypr": [
                -91.74375915527344,
                -0.0,
                -0.0
            ]
        },
        {
            "name": "SodaCan_Cola",
            "pos": [
                8191.2783203125,
                474.90277099609377,
                9093.39453125
            ],
            "ypr": [
                -91.74375915527344,
                -0.0,
                -0.0
            ]
        },
        {
            "name": "SodaCan_Spite",
            "pos": [
                8191.12109375,
                474.9017333984375,
                9093.3603515625
            ],
            "ypr": [
                -91.74375915527344,
                -0.0,
                -0.0
            ]
        },
        {
            "name": "SodaCan_Spite",
            "pos": [
                8191.16943359375,
                474.9017639160156,
                9093.265625
            ],
            "ypr": [
                -91.74375915527344,
                -0.0,
                -0.0
            ]
        },
        {
            "name": "SodaCan_Spite",
            "pos": [
                8191.0791015625,
                474.9017639160156,
                9093.201171875
            ],
            "ypr": [
                -91.74375915527344,
                -0.0,
                -0.0
            ]
        },
        {
            "name": "SodaCan_Spite",
            "pos": [
                8191.12548828125,
                474.9017333984375,
                9093.1142578125
            ],
            "ypr": [
                -91.74375915527344,
                -0.0,
                -0.0
            ]
        },
        {
            "name": "SodaCan_Kvass",
            "pos": [
                8191.43994140625,
                474.902099609375,
                9093.470703125
            ],
            "ypr": [
                -91.74375915527344,
                -0.0,
                -0.0
            ]
        },
        {
            "name": "SodaCan_Kvass",
            "pos": [
                8191.4736328125,
                474.902099609375,
                9093.40234375
            ],
            "ypr": [
                -91.74375915527344,
                -0.0,
                -0.0
            ]
        },
        {
            "name": "SodaCan_Kvass",
            "pos": [
                8191.38330078125,
                474.902099609375,
                9093.3505859375
            ],
            "ypr": [
                -91.74375915527344,
                -0.0,
                -0.0
            ]
        },
        {
            "name": "SodaCan_Kvass",
            "pos": [
                8191.41845703125,
                474.902099609375,
                9093.279296875
            ],
            "ypr": [
                -91.74375915527344,
                -0.0,
                -0.0
            ]
        },
        {
            "name": "SodaCan_Fronta",
            "pos": [
                8190.9453125,
                474.90631103515627,
                9093.4833984375
            ],
            "ypr": [
                -91.74375915527344,
                -0.0,
                -0.0
            ]
        },
        {
            "name": "SodaCan_Fronta",
            "pos": [
                8190.990234375,
                474.90631103515627,
                9093.3857421875
            ],
            "ypr": [
                -91.74375915527344,
                -0.0,
                -0.0
            ]
        },
        {
            "name": "SodaCan_Fronta",
            "pos": [
                8190.875,
                474.90631103515627,
                9093.349609375
            ],
            "ypr": [
                -91.74375915527344,
                -0.0,
                -0.0
            ]
        },
        {
            "name": "SodaCan_Fronta",
            "pos": [
                8190.90625,
                474.90631103515627,
                9093.2744140625
            ],
            "ypr": [
                -91.74375915527344,
                -0.0,
                -0.0
            ]
        },
        {
            "name": "BakedBeansCan",
            "pos": [
                8191.95068359375,
                474.8371276855469,
                9093.6337890625
            ],
            "ypr": [
                -91.74375915527344,
                0.0,
                0.0
            ]
        },
        {
            "name": "BakedBeansCan",
            "pos": [
                8192.00390625,
                474.8371276855469,
                9093.5419921875
            ],
            "ypr": [
                -91.74375915527344,
                0.0,
                0.0
            ]
        },
        {
            "name": "BakedBeansCan",
            "pos": [
                8192.060546875,
                474.8371276855469,
                9093.69140625
            ],
            "ypr": [
                -91.74375915527344,
                0.0,
                0.0
            ]
        },
        {
            "name": "BakedBeansCan",
            "pos": [
                8192.009765625,
                474.8371276855469,
                9093.7998046875
            ],
            "ypr": [
                -91.74375915527344,
                0.0,
                0.0
            ]
        },
        {
            "name": "TacticalBaconCan",
            "pos": [
                8191.82470703125,
                474.8387451171875,
                9093.3525390625
            ],
            "ypr": [
                0.0,
                -0.0,
                -0.0
            ]
        },
        {
            "name": "TacticalBaconCan",
            "pos": [
                8191.765625,
                474.8387451171875,
                9093.5009765625
            ],
            "ypr": [
                0.0,
                -0.0,
                -0.0
            ]
        },
        {
            "name": "TacticalBaconCan",
            "pos": [
                8191.73583984375,
                474.8387451171875,
                9093.3173828125
            ],
            "ypr": [
                0.0,
                -0.0,
                -0.0
            ]
        },
        {
            "name": "TacticalBaconCan",
            "pos": [
                8191.65771484375,
                474.8387451171875,
                9093.455078125
            ],
            "ypr": [
                0.0,
                -0.0,
                -0.0
            ]
        },
        {
            "name": "PeachesCan",
            "pos": [
                8191.48583984375,
                474.8348388671875,
                9093.7568359375
            ],
            "ypr": [
                0.0,
                0.0,
                0.0
            ]
        },
        {
            "name": "PeachesCan",
            "pos": [
                8191.5380859375,
                474.8348388671875,
                9093.626953125
            ],
            "ypr": [
                0.0,
                0.0,
                0.0
            ]
        },
        {
            "name": "PeachesCan",
            "pos": [
                8191.62939453125,
                474.8348388671875,
                9093.6748046875
            ],
            "ypr": [
                0.0,
                0.0,
                0.0
            ]
        },
        {
            "name": "PeachesCan",
            "pos": [
                8191.57177734375,
                474.8348388671875,
                9093.7861328125
            ],
            "ypr": [
                0.0,
                0.0,
                0.0
            ]
        },
        {
            "name": "SpaghettiCan",
            "pos": [
                8191.765625,
                474.83868408203127,
                9093.7314453125
            ],
            "ypr": [
                0.0,
                0.0,
                0.0
            ]
        },
        {
            "name": "SpaghettiCan",
            "pos": [
                8191.84375,
                474.83868408203127,
                9093.7763671875
            ],
            "ypr": [
                0.0,
                0.0,
                0.0
            ]
        },
        {
            "name": "SpaghettiCan",
            "pos": [
                8191.78515625,
                474.83868408203127,
                9093.869140625
            ],
            "ypr": [
                0.0,
                0.0,
                0.0
            ]
        },
        {
            "name": "SpaghettiCan",
            "pos": [
                8191.7099609375,
                474.83868408203127,
                9093.83203125
            ],
            "ypr": [
                0.0,
                0.0,
                0.0
            ]
        },
        {
            "name": "Canteen",
            "pos": [
                8192.40625,
                474.9675598144531,
                9093.6474609375
            ],
            "ypr": [
                71.9999771118164,
                -0.0,
                -0.0
            ]
        },
        {
            "name": "Canteen",
            "pos": [
                8192.2392578125,
                474.9675598144531,
                9093.5830078125
            ],
            "ypr": [
                71.9999771118164,
                -0.0,
                -0.0
            ]
        },
        {
            "name": "Zagorky",
            "pos": [
                8188.68359375,
                475.04876708984377,
                9093.6015625
            ],
            "ypr": [
                72.0000228881836,
                90.0,
                179.99998474121095
            ]
        },
        {
            "name": "ZagorkyPeanuts",
            "pos": [
                8188.66943359375,
                475.0487976074219,
                9093.6591796875
            ],
            "ypr": [
                81.00004577636719,
                90.0,
                179.99998474121095
            ]
        },
        {
            "name": "Zagorky",
            "pos": [
                8188.65576171875,
                475.0487365722656,
                9093.7373046875
            ],
            "ypr": [
                -107.99996948242188,
                90.0,
                -0.000022311800421448426
            ]
        },
        {
            "name": "ZagorkyPeanuts",
            "pos": [
                8188.6416015625,
                475.04876708984377,
                9093.794921875
            ],
            "ypr": [
                -98.99995422363281,
                90.0,
                -0.000022311800421448426
            ]
        },
        {
            "name": "Chips",
            "pos": [
                8188.14892578125,
                475.1008605957031,
                9093.24609375
            ],
            "ypr": [
                -107.99999237060547,
                0.0,
                -0.0
            ]
        },
        {
            "name": "Chips",
            "pos": [
                8188.12646484375,
                475.1008605957031,
                9093.2333984375
            ],
            "ypr": [
                -107.99999237060547,
                0.0,
                -0.0
            ]
        },
        {
            "name": "Chips",
            "pos": [
                8188.10888671875,
                475.101806640625,
                9093.22265625
            ],
            "ypr": [
                -107.99999237060547,
                0.0,
                -0.0
            ]
        },
        {
            "name": "Chips",
            "pos": [
                8188.06005859375,
                475.1000061035156,
                9093.2001953125
            ],
            "ypr": [
                -107.99999237060547,
                33.0,
                0.0
            ]
        },
        {
            "name": "Compass",
            "pos": [
                8187.587890625,
                474.9795227050781,
                9093.2451171875
            ],
            "ypr": [
                0.0,
                -0.0,
                -0.0
            ]
        },
        {
            "name": "SawedoffIzh43Shotgun",
            "pos": [
                8188.20751953125,
                474.55963134765627,
                9093.85546875
            ],
            "ypr": [
                144.0,
                -90.0,
                -0.000005008955668017734
            ]
        },
        {
            "name": "Ammo_12gaPellets",
            "pos": [
                8188.10009765625,
                474.5531311035156,
                9093.62890625
            ],
            "ypr": [
                0.0,
                -0.0,
                -0.0
            ]
        },
        {
            "name": "CarRadiator",
            "pos": [
                8181.572265625,
                475.6376647949219,
                9097.966796875
            ],
            "ypr": [
                -117.10079956054688,
                90.0,
                -180.0
            ]
        },
        {
            "name": "CarRadiator",
            "pos": [
                8180.9990234375,
                475.6319580078125,
                9099.19921875
            ],
            "ypr": [
                62.899208068847659,
                90.0,
                -0.000005008955668017734
            ]
        },
        {
            "name": "CarRadiator",
            "pos": [
                8181.65478515625,
                476.135009765625,
                9098.095703125
            ],
            "ypr": [
                62.899208068847659,
                90.0,
                -0.000005008955668017734
            ]
        },
        {
            "name": "CarRadiator",
            "pos": [
                8181.140625,
                476.13623046875,
                9099.087890625
            ],
            "ypr": [
                62.899208068847659,
                90.0,
                -0.000005008955668017734
            ]
        },
        {
            "name": "CarRadiator",
            "pos": [
                8181.56201171875,
                476.65667724609377,
                9097.9228515625
            ],
            "ypr": [
                62.899208068847659,
                90.0,
                -0.000005008955668017734
            ]
        },
        {
            "name": "CarRadiator",
            "pos": [
                8181.06689453125,
                476.63818359375,
                9098.9697265625
            ],
            "ypr": [
                62.899208068847659,
                90.0,
                -0.000005008955668017734
            ]
        },
        {
            "name": "PetrolLighter",
            "pos": [
                8188.48193359375,
                475.3240051269531,
                9093.421875
            ],
            "ypr": [
                0.0,
                -0.0,
                -0.0
            ]
        },
        {
            "name": "CigarettePack_Partyzanka",
            "pos": [
                8188.4091796875,
                475.2923278808594,
                9093.4169921875
            ],
            "ypr": [
                -40.30656433105469,
                -0.0,
                -0.0
            ]
        },
        {
            "name": "Vodka",
            "pos": [
                8187.7021484375,
                474.667724609375,
                9093.0263671875
            ],
            "ypr": [
                0.0,
                -0.0,
                -0.0
            ]
        },
        {
            "name": "Vodka",
            "pos": [
                8187.76123046875,
                474.667724609375,
                9093.0888671875
            ],
            "ypr": [
                0.0,
                -0.0,
                -0.0
            ]
        },
        {
            "name": "Vodka",
            "pos": [
                8187.65087890625,
                474.667724609375,
                9093.0810546875
            ],
            "ypr": [
                0.0,
                -0.0,
                -0.0
            ]
        },
        {
            "name": "Vodka",
            "pos": [
                8187.85107421875,
                474.5574645996094,
                9093.158203125
            ],
            "ypr": [
                0.0,
                0.0,
                90.0
            ]
        },
        {
            "name": "Vodka",
            "pos": [
                8187.634765625,
                474.667724609375,
                9093.201171875
            ],
            "ypr": [
                0.0,
                -0.0,
                -0.0
            ]
        },
        {
            "name": "Vodka",
            "pos": [
                8187.591796875,
                474.667724609375,
                9093.1591796875
            ],
            "ypr": [
                0.0,
                -0.0,
                -0.0
            ]
        },
        {
            "name": "Land_Misc_DogHouse",
            "pos": [
                8182.43701171875,
                475.00799560546877,
                9099.91796875
            ],
            "ypr": [
                -27.0,
                0.0,
                0.0
            ]
        },
        {
            "name": "DogFoodCan_Opened",
            "pos": [
                8182.7685546875,
                474.0594177246094,
                9099.9208984375
            ],
            "ypr": [
                0.0,
                -0.0,
                -0.0
            ]
        },
        {
            "name": "CanisterGasoline",
            "pos": [
                8179.63232421875,
                476.9022521972656,
                9092.5859375
            ],
            "ypr": [
                151.67889404296876,
                0.0,
                -0.0
            ]
        },
        {
            "name": "CanisterGasoline",
            "pos": [
                8178.65966796875,
                476.9014587402344,
                9092.01953125
            ],
            "ypr": [
                151.67889404296876,
                0.0,
                -0.0
            ]
        }
    ]
}