{
    "Objects": [
        {
            "name": "Land_City_Stand_FastFood",
            "pos": [
                8160.94091796875,
                475.7908020019531,
                9118.5302734375
            ],
            "ypr": [
                61.99984359741211,
                0.0,
                0.0
            ]
        },
        {
            "name": "AliceBag_Green",
            "pos": [
                8161.4267578125,
                476.002685546875,
                9116.1630859375
            ],
            "ypr": [
                153.9992218017578,
                11.999993324279786,
                0.0
            ]
        },
        {
            "name": "AliceBag_Black",
            "pos": [
                8160.7705078125,
                475.9949951171875,
                9115.8701171875
            ],
            "ypr": [
                154.0,
                11.999998092651368,
                0.0
            ]
        },
        {
            "name": "AliceBag_Camo",
            "pos": [
                8160.2060546875,
                476.0,
                9115.5166015625
            ],
            "ypr": [
                154.0,
                11.999998092651368,
                0.0
            ]
        },
        {
            "name": "WoodenPlank",
            "pos": [
                8161.41015625,
                475.9911193847656,
                9115.9609375
            ],
            "ypr": [
                -27.296934127807618,
                0.0,
                0.0
            ]
        },
        {
            "name": "WoodenPlank",
            "pos": [
                8160.2998046875,
                475.9909973144531,
                9115.34765625
            ],
            "ypr": [
                -27.499008178710939,
                0.0,
                0.0
            ]
        },
        {
            "name": "BoonieHat_Olive",
            "pos": [
                8161.72705078125,
                475.8406677246094,
                9116.2763671875
            ],
            "ypr": [
                150.9992218017578,
                0.0,
                0.0
            ]
        },
        {
            "name": "FangeKnife",
            "pos": [
                8161.490234375,
                475.9849853515625,
                9116.43359375
            ],
            "ypr": [
                61.99979019165039,
                0.0,
                90.0
            ]
        },
        {
            "name": "WoodenPlank",
            "pos": [
                8160.85986328125,
                475.46124267578127,
                9115.642578125
            ],
            "ypr": [
                -27.0,
                0.0,
                0.0
            ]
        },
        {
            "name": "HunterPants_Spring",
            "pos": [
                8161.06689453125,
                475.739990234375,
                9115.8046875
            ],
            "ypr": [
                -104.22981262207031,
                31.999967575073243,
                97.9989242553711
            ]
        },
        {
            "name": "HuntingJacket_Spring",
            "pos": [
                8160.5224609375,
                475.6476135253906,
                9115.38671875
            ],
            "ypr": [
                156.93072509765626,
                -90.0,
                -174.99989318847657
            ]
        },
        {
            "name": "Sneakers_Green",
            "pos": [
                8160.85205078125,
                475.4866943359375,
                9115.6201171875
            ],
            "ypr": [
                -119.41654968261719,
                0.0,
                0.0
            ]
        },
        {
            "name": "Tripod",
            "pos": [
                8161.49169921875,
                475.5529479980469,
                9116.0244140625
            ],
            "ypr": [
                55.999794006347659,
                -47.999900817871097,
                0.0
            ]
        },
        {
            "name": "Tripod",
            "pos": [
                8160.21630859375,
                475.5807189941406,
                9115.326171875
            ],
            "ypr": [
                66.99976348876953,
                51.999916076660159,
                0.0
            ]
        },
        {
            "name": "Tripod",
            "pos": [
                8159.75927734375,
                476.1339111328125,
                9115.1416015625
            ],
            "ypr": [
                147.99928283691407,
                -13.999950408935547,
                0.0
            ]
        },
        {
            "name": "Tripod",
            "pos": [
                8161.921875,
                476.1303405761719,
                9116.2861328125
            ],
            "ypr": [
                -27.999984741210939,
                14.999982833862305,
                0.0
            ]
        },
        {
            "name": "FangeKnife",
            "pos": [
                8161.0205078125,
                475.8453674316406,
                9116.048828125
            ],
            "ypr": [
                61.99979019165039,
                0.0,
                90.0
            ]
        },
        {
            "name": "FangeKnife",
            "pos": [
                8160.4287109375,
                475.790771484375,
                9115.5927734375
            ],
            "ypr": [
                62.99980926513672,
                0.0,
                90.0
            ]
        },
        {
            "name": "TacticalGloves_Green",
            "pos": [
                8160.369140625,
                475.38751220703127,
                9115.5166015625
            ],
            "ypr": [
                156.08792114257813,
                90.0,
                -0.00010427406232338399
            ]
        },
        {
            "name": "CombatKnife",
            "pos": [
                8160.28564453125,
                475.4700012207031,
                9115.693359375
            ],
            "ypr": [
                62.99983596801758,
                0.0,
                90.0
            ]
        },
        {
            "name": "GardenLime",
            "pos": [
                8161.650390625,
                474.6874694824219,
                9116.306640625
            ],
            "ypr": [
                154.03369140625,
                0.0,
                0.0
            ]
        },
        {
            "name": "GardenLime",
            "pos": [
                8161.29638671875,
                474.6874694824219,
                9116.0927734375
            ],
            "ypr": [
                154.0,
                0.0,
                0.0
            ]
        },
        {
            "name": "GardenLime",
            "pos": [
                8160.88134765625,
                474.6874694824219,
                9115.884765625
            ],
            "ypr": [
                154.0,
                0.0,
                0.0
            ]
        },
        {
            "name": "GardenLime",
            "pos": [
                8160.4765625,
                474.6874694824219,
                9115.654296875
            ],
            "ypr": [
                154.0,
                0.0,
                0.0
            ]
        },
        {
            "name": "GardenLime",
            "pos": [
                8161.54150390625,
                474.6874694824219,
                9116.482421875
            ],
            "ypr": [
                154.0,
                0.0,
                0.0
            ]
        },
        {
            "name": "GardenLime",
            "pos": [
                8161.1748046875,
                474.6874694824219,
                9116.267578125
            ],
            "ypr": [
                154.0,
                0.0,
                0.0
            ]
        },
        {
            "name": "GardenLime",
            "pos": [
                8160.78173828125,
                474.6874694824219,
                9116.056640625
            ],
            "ypr": [
                154.61590576171876,
                0.0,
                0.0
            ]
        },
        {
            "name": "GardenLime",
            "pos": [
                8161.43408203125,
                474.6874694824219,
                9116.6630859375
            ],
            "ypr": [
                154.0,
                0.0,
                0.0
            ]
        },
        {
            "name": "GardenLime",
            "pos": [
                8161.06298828125,
                474.6874694824219,
                9116.4384765625
            ],
            "ypr": [
                154.5103302001953,
                0.0,
                0.0
            ]
        },
        {
            "name": "GardenLime",
            "pos": [
                8160.6923828125,
                474.6874694824219,
                9116.2470703125
            ],
            "ypr": [
                154.0,
                0.0,
                0.0
            ]
        },
        {
            "name": "GardenLime",
            "pos": [
                8160.24853515625,
                474.6874694824219,
                9116.029296875
            ],
            "ypr": [
                154.0,
                0.0,
                0.0
            ]
        },
        {
            "name": "Shovel",
            "pos": [
                8161.4697265625,
                476.4236755371094,
                9117.3935546875
            ],
            "ypr": [
                -117.99945068359375,
                0.0,
                179.99989318847657
            ]
        },
        {
            "name": "Shovel",
            "pos": [
                8161.65673828125,
                476.4251708984375,
                9117.0419921875
            ],
            "ypr": [
                -117.99999237060547,
                0.0,
                179.99989318847657
            ]
        },
        {
            "name": "HuntingKnife",
            "pos": [
                8161.35400390625,
                476.6099853515625,
                9117.3505859375
            ],
            "ypr": [
                -22.99998664855957,
                0.0,
                90.0
            ]
        },
        {
            "name": "HuntingKnife",
            "pos": [
                8161.54736328125,
                476.6099853515625,
                9116.986328125
            ],
            "ypr": [
                -22.999998092651368,
                0.0,
                90.0
            ]
        },
        {
            "name": "DisinfectantSpray",
            "pos": [
                8157.65576171875,
                475.8699951171875,
                9119.134765625
            ],
            "ypr": [
                161.12637329101563,
                0.0,
                0.0
            ]
        },
        {
            "name": "DisinfectantSpray",
            "pos": [
                8157.6552734375,
                474.34344482421877,
                9119.13671875
            ],
            "ypr": [
                161.0,
                0.0,
                0.0
            ]
        },
        {
            "name": "DisinfectantSpray",
            "pos": [
                8157.65625,
                474.74334716796877,
                9119.1337890625
            ],
            "ypr": [
                161.98207092285157,
                0.0,
                0.0
            ]
        },
        {
            "name": "DisinfectantSpray",
            "pos": [
                8157.65283203125,
                475.09326171875,
                9119.1376953125
            ],
            "ypr": [
                161.0,
                0.0,
                0.0
            ]
        },
        {
            "name": "DisinfectantSpray",
            "pos": [
                8157.65576171875,
                475.4931640625,
                9119.1337890625
            ],
            "ypr": [
                161.0,
                0.0,
                0.0
            ]
        },
        {
            "name": "DisinfectantSpray",
            "pos": [
                8157.88525390625,
                475.8699951171875,
                9119.2353515625
            ],
            "ypr": [
                161.0,
                0.0,
                0.0
            ]
        },
        {
            "name": "DisinfectantSpray",
            "pos": [
                8157.88330078125,
                474.34344482421877,
                9119.2373046875
            ],
            "ypr": [
                161.0,
                0.0,
                0.0
            ]
        },
        {
            "name": "DisinfectantSpray",
            "pos": [
                8157.8837890625,
                474.74334716796877,
                9119.2353515625
            ],
            "ypr": [
                161.0,
                0.0,
                0.0
            ]
        },
        {
            "name": "DisinfectantSpray",
            "pos": [
                8157.88330078125,
                475.09326171875,
                9119.234375
            ],
            "ypr": [
                161.0,
                0.0,
                0.0
            ]
        },
        {
            "name": "DisinfectantSpray",
            "pos": [
                8157.8837890625,
                475.4931640625,
                9119.23828125
            ],
            "ypr": [
                161.0,
                0.0,
                0.0
            ]
        },
        {
            "name": "DisinfectantSpray",
            "pos": [
                8158.07275390625,
                475.8699951171875,
                9119.33203125
            ],
            "ypr": [
                161.25990295410157,
                0.0,
                0.0
            ]
        },
        {
            "name": "DisinfectantSpray",
            "pos": [
                8158.07470703125,
                474.34344482421877,
                9119.3310546875
            ],
            "ypr": [
                161.0,
                0.0,
                0.0
            ]
        },
        {
            "name": "DisinfectantSpray",
            "pos": [
                8158.07177734375,
                474.74334716796877,
                9119.333984375
            ],
            "ypr": [
                161.0,
                0.0,
                0.0
            ]
        },
        {
            "name": "DisinfectantSpray",
            "pos": [
                8158.072265625,
                475.09326171875,
                9119.3330078125
            ],
            "ypr": [
                161.0,
                0.0,
                0.0
            ]
        },
        {
            "name": "DisinfectantSpray",
            "pos": [
                8158.07421875,
                475.4931640625,
                9119.33203125
            ],
            "ypr": [
                161.0,
                0.0,
                0.0
            ]
        },
        {
            "name": "Canteen",
            "pos": [
                8158.45263671875,
                474.31427001953127,
                9119.5263671875
            ],
            "ypr": [
                155.35948181152345,
                0.0,
                0.0
            ]
        },
        {
            "name": "Canteen",
            "pos": [
                8158.455078125,
                474.6641845703125,
                9119.5224609375
            ],
            "ypr": [
                154.9999542236328,
                0.0,
                0.0
            ]
        },
        {
            "name": "Canteen",
            "pos": [
                8158.45263671875,
                475.0640869140625,
                9119.5263671875
            ],
            "ypr": [
                154.9999542236328,
                0.0,
                0.0
            ]
        },
        {
            "name": "Canteen",
            "pos": [
                8158.45361328125,
                475.8399963378906,
                9119.525390625
            ],
            "ypr": [
                154.9999542236328,
                0.0,
                0.0
            ]
        },
        {
            "name": "Canteen",
            "pos": [
                8158.45458984375,
                475.4639892578125,
                9119.5224609375
            ],
            "ypr": [
                154.99996948242188,
                0.0,
                0.0
            ]
        },
        {
            "name": "Canteen",
            "pos": [
                8158.73828125,
                474.31427001953127,
                9119.689453125
            ],
            "ypr": [
                154.9999542236328,
                0.0,
                0.0
            ]
        },
        {
            "name": "Canteen",
            "pos": [
                8158.73779296875,
                474.6641845703125,
                9119.689453125
            ],
            "ypr": [
                154.9999542236328,
                0.0,
                0.0
            ]
        },
        {
            "name": "Canteen",
            "pos": [
                8158.740234375,
                475.0640869140625,
                9119.689453125
            ],
            "ypr": [
                154.9999542236328,
                0.0,
                0.0
            ]
        },
        {
            "name": "Canteen",
            "pos": [
                8158.7353515625,
                475.8399963378906,
                9119.6943359375
            ],
            "ypr": [
                155.72174072265626,
                0.0,
                0.0
            ]
        },
        {
            "name": "Canteen",
            "pos": [
                8158.73681640625,
                475.4639892578125,
                9119.69140625
            ],
            "ypr": [
                154.99996948242188,
                0.0,
                0.0
            ]
        },
        {
            "name": "CannabisSeedsPack",
            "pos": [
                8159.1611328125,
                475.7699890136719,
                9119.908203125
            ],
            "ypr": [
                152.99923706054688,
                0.0,
                0.0
            ]
        },
        {
            "name": "ZucchiniSeedsPack",
            "pos": [
                8159.16552734375,
                474.24029541015627,
                9119.908203125
            ],
            "ypr": [
                152.9999237060547,
                0.0,
                0.0
            ]
        },
        {
            "name": "PumpkinSeedsPack",
            "pos": [
                8159.1611328125,
                474.64019775390627,
                9119.912109375
            ],
            "ypr": [
                152.9999237060547,
                0.0,
                0.0
            ]
        },
        {
            "name": "PepperSeedsPack",
            "pos": [
                8159.1611328125,
                474.99114990234377,
                9119.912109375
            ],
            "ypr": [
                152.9999237060547,
                0.0,
                0.0
            ]
        },
        {
            "name": "TomatoSeedsPack",
            "pos": [
                8159.16259765625,
                475.3900146484375,
                9119.91015625
            ],
            "ypr": [
                152.9999237060547,
                0.0,
                0.0
            ]
        },
        {
            "name": "CannabisSeedsPack",
            "pos": [
                8159.3857421875,
                475.7699890136719,
                9120.029296875
            ],
            "ypr": [
                152.9999237060547,
                0.0,
                0.0
            ]
        },
        {
            "name": "ZucchiniSeedsPack",
            "pos": [
                8159.3857421875,
                474.24029541015627,
                9120.029296875
            ],
            "ypr": [
                152.9999237060547,
                0.0,
                0.0
            ]
        },
        {
            "name": "PumpkinSeedsPack",
            "pos": [
                8159.38427734375,
                474.6412353515625,
                9120.03125
            ],
            "ypr": [
                152.9999237060547,
                0.0,
                0.0
            ]
        },
        {
            "name": "PepperSeedsPack",
            "pos": [
                8159.384765625,
                474.9901123046875,
                9120.0322265625
            ],
            "ypr": [
                152.9999237060547,
                0.0,
                0.0
            ]
        },
        {
            "name": "TomatoSeedsPack",
            "pos": [
                8159.38232421875,
                475.3900146484375,
                9120.0322265625
            ],
            "ypr": [
                152.9999237060547,
                0.0,
                0.0
            ]
        },
        {
            "name": "CannabisSeedsPack",
            "pos": [
                8159.56689453125,
                475.7699890136719,
                9120.1201171875
            ],
            "ypr": [
                152.9999237060547,
                0.0,
                0.0
            ]
        },
        {
            "name": "ZucchiniSeedsPack",
            "pos": [
                8159.56689453125,
                474.2413330078125,
                9120.12109375
            ],
            "ypr": [
                152.9999237060547,
                0.0,
                0.0
            ]
        },
        {
            "name": "PumpkinSeedsPack",
            "pos": [
                8159.56640625,
                474.64019775390627,
                9120.123046875
            ],
            "ypr": [
                152.9999237060547,
                0.0,
                0.0
            ]
        },
        {
            "name": "PepperSeedsPack",
            "pos": [
                8159.56591796875,
                474.9901123046875,
                9120.1220703125
            ],
            "ypr": [
                152.9999237060547,
                0.0,
                0.0
            ]
        },
        {
            "name": "TomatoSeedsPack",
            "pos": [
                8159.568359375,
                475.3900146484375,
                9120.119140625
            ],
            "ypr": [
                152.9999542236328,
                0.0,
                0.0
            ]
        },
        {
            "name": "CannabisSeedsPack",
            "pos": [
                8159.9775390625,
                475.7699890136719,
                9119.8974609375
            ],
            "ypr": [
                -117.0,
                0.0,
                0.0
            ]
        },
        {
            "name": "CannabisSeedsPack",
            "pos": [
                8159.9765625,
                474.24029541015627,
                9119.8994140625
            ],
            "ypr": [
                -116.99996185302735,
                0.0,
                0.0
            ]
        },
        {
            "name": "CannabisSeedsPack",
            "pos": [
                8159.97998046875,
                474.6412353515625,
                9119.90234375
            ],
            "ypr": [
                -116.99996185302735,
                0.0,
                0.0
            ]
        },
        {
            "name": "CannabisSeedsPack",
            "pos": [
                8159.9765625,
                475.010009765625,
                9119.8974609375
            ],
            "ypr": [
                -117.0,
                0.0,
                0.0
            ]
        },
        {
            "name": "CannabisSeedsPack",
            "pos": [
                8159.9765625,
                475.39105224609377,
                9119.8955078125
            ],
            "ypr": [
                -116.99996185302735,
                0.0,
                0.0
            ]
        },
        {
            "name": "CannabisSeedsPack",
            "pos": [
                8160.09033203125,
                475.7699890136719,
                9119.66796875
            ],
            "ypr": [
                -116.99996185302735,
                0.0,
                0.0
            ]
        },
        {
            "name": "CannabisSeedsPack",
            "pos": [
                8160.09228515625,
                474.24029541015627,
                9119.669921875
            ],
            "ypr": [
                -116.99996185302735,
                0.0,
                0.0
            ]
        },
        {
            "name": "CannabisSeedsPack",
            "pos": [
                8160.091796875,
                474.64019775390627,
                9119.6689453125
            ],
            "ypr": [
                -116.99996185302735,
                0.0,
                0.0
            ]
        },
        {
            "name": "CannabisSeedsPack",
            "pos": [
                8160.09228515625,
                475.010009765625,
                9119.6689453125
            ],
            "ypr": [
                -116.99996185302735,
                0.0,
                0.0
            ]
        },
        {
            "name": "CannabisSeedsPack",
            "pos": [
                8160.091796875,
                475.3900146484375,
                9119.6689453125
            ],
            "ypr": [
                -116.99996185302735,
                0.0,
                0.0
            ]
        },
        {
            "name": "CannabisSeedsPack",
            "pos": [
                8160.201171875,
                475.7699890136719,
                9119.4677734375
            ],
            "ypr": [
                -116.99996185302735,
                0.0,
                0.0
            ]
        },
        {
            "name": "CannabisSeedsPack",
            "pos": [
                8160.19921875,
                474.2413330078125,
                9119.46484375
            ],
            "ypr": [
                -116.99996185302735,
                0.0,
                0.0
            ]
        },
        {
            "name": "CannabisSeedsPack",
            "pos": [
                8160.19921875,
                474.6412353515625,
                9119.466796875
            ],
            "ypr": [
                -116.99996185302735,
                0.0,
                0.0
            ]
        },
        {
            "name": "CannabisSeedsPack",
            "pos": [
                8160.201171875,
                475.010009765625,
                9119.4677734375
            ],
            "ypr": [
                -116.99996185302735,
                0.0,
                0.0
            ]
        },
        {
            "name": "CannabisSeedsPack",
            "pos": [
                8160.19921875,
                475.3900146484375,
                9119.466796875
            ],
            "ypr": [
                -116.99996185302735,
                0.0,
                0.0
            ]
        },
        {
            "name": "CannabisSeedsPack",
            "pos": [
                8158.71142578125,
                476.08416748046877,
                9114.9755859375
            ],
            "ypr": [
                -116.99996185302735,
                0.0,
                0.0
            ]
        },
        {
            "name": "CannabisSeedsPack",
            "pos": [
                8158.7197265625,
                475.583251953125,
                9114.9912109375
            ],
            "ypr": [
                -116.99996185302735,
                0.0,
                0.0
            ]
        },
        {
            "name": "CannabisSeedsPack",
            "pos": [
                8158.62939453125,
                476.0831298828125,
                9115.2333984375
            ],
            "ypr": [
                -116.99996185302735,
                0.0,
                0.0
            ]
        },
        {
            "name": "CannabisSeedsPack",
            "pos": [
                8158.62890625,
                475.58428955078127,
                9115.228515625
            ],
            "ypr": [
                -116.99996185302735,
                0.0,
                0.0
            ]
        },
        {
            "name": "CannabisSeedsPack",
            "pos": [
                8158.47998046875,
                476.08416748046877,
                9115.458984375
            ],
            "ypr": [
                -116.99996185302735,
                0.0,
                0.0
            ]
        },
        {
            "name": "CannabisSeedsPack",
            "pos": [
                8158.47998046875,
                475.58428955078127,
                9115.4560546875
            ],
            "ypr": [
                -116.99996185302735,
                0.0,
                0.0
            ]
        },
        {
            "name": "CannabisSeedsPack",
            "pos": [
                8158.3076171875,
                476.08416748046877,
                9115.7783203125
            ],
            "ypr": [
                -116.99996185302735,
                0.0,
                0.0
            ]
        },
        {
            "name": "CannabisSeedsPack",
            "pos": [
                8158.3095703125,
                475.583251953125,
                9115.779296875
            ],
            "ypr": [
                -116.99996185302735,
                0.0,
                0.0
            ]
        },
        {
            "name": "Cannabis",
            "pos": [
                8158.72314453125,
                474.9845886230469,
                9114.9453125
            ],
            "ypr": [
                90.67292022705078,
                0.0,
                0.0
            ]
        },
        {
            "name": "Cannabis",
            "pos": [
                8158.76611328125,
                474.99017333984377,
                9115.021484375
            ],
            "ypr": [
                167.7498779296875,
                0.0,
                179.99989318847657
            ]
        },
        {
            "name": "Cannabis",
            "pos": [
                8158.8681640625,
                474.99298095703127,
                9115.021484375
            ],
            "ypr": [
                -74.72579956054688,
                0.0,
                179.99990844726563
            ]
        },
        {
            "name": "Cannabis",
            "pos": [
                8158.77001953125,
                475.0426025390625,
                9115.021484375
            ],
            "ypr": [
                -108.59765625,
                0.0,
                179.9999542236328
            ]
        },
        {
            "name": "Cannabis",
            "pos": [
                8158.89697265625,
                475.0095520019531,
                9115.0185546875
            ],
            "ypr": [
                154.845947265625,
                0.0,
                0.0
            ]
        },
        {
            "name": "Cannabis",
            "pos": [
                8158.8486328125,
                475.0095520019531,
                9114.9208984375
            ],
            "ypr": [
                -109.40518188476563,
                0.0,
                0.0
            ]
        },
        {
            "name": "Cannabis",
            "pos": [
                8158.79736328125,
                475.0595397949219,
                9115.16796875
            ],
            "ypr": [
                -108.8009262084961,
                0.0,
                0.0
            ]
        },
        {
            "name": "Cannabis",
            "pos": [
                8158.7041015625,
                475.024658203125,
                9114.86328125
            ],
            "ypr": [
                -143.65611267089845,
                0.0,
                179.99989318847657
            ]
        },
        {
            "name": "Cannabis",
            "pos": [
                8158.30224609375,
                474.9960632324219,
                9115.7841796875
            ],
            "ypr": [
                74.28634643554688,
                0.0,
                179.9999237060547
            ]
        },
        {
            "name": "Cannabis",
            "pos": [
                8158.44482421875,
                475.02447509765627,
                9115.8056640625
            ],
            "ypr": [
                165.18992614746095,
                0.0,
                179.99989318847657
            ]
        },
        {
            "name": "Cannabis",
            "pos": [
                8158.2861328125,
                475.0528869628906,
                9115.8271484375
            ],
            "ypr": [
                -94.27103424072266,
                0.0,
                179.99989318847657
            ]
        },
        {
            "name": "Cannabis",
            "pos": [
                8158.3857421875,
                474.9914245605469,
                9115.927734375
            ],
            "ypr": [
                -157.69151306152345,
                0.0,
                0.0
            ]
        },
        {
            "name": "Cannabis",
            "pos": [
                8158.390625,
                475.0450439453125,
                9115.830078125
            ],
            "ypr": [
                -21.95135498046875,
                0.0,
                0.0
            ]
        },
        {
            "name": "Cannabis",
            "pos": [
                8158.44873046875,
                475.0344543457031,
                9115.75390625
            ],
            "ypr": [
                107.66927337646485,
                0.0,
                0.0
            ]
        },
        {
            "name": "Cannabis",
            "pos": [
                8158.34765625,
                475.03289794921877,
                9115.658203125
            ],
            "ypr": [
                1.658982753753662,
                0.0,
                0.0
            ]
        },
        {
            "name": "Cannabis",
            "pos": [
                8158.24951171875,
                474.98431396484377,
                9115.75390625
            ],
            "ypr": [
                65.16189575195313,
                0.0,
                0.0
            ]
        },
        {
            "name": "Cannabis",
            "pos": [
                8158.44873046875,
                475.0452880859375,
                9115.8544921875
            ],
            "ypr": [
                29.142099380493165,
                0.0,
                179.99993896484376
            ]
        },
        {
            "name": "Bear_Pink",
            "pos": [
                8158.91357421875,
                475.10626220703127,
                9115.076171875
            ],
            "ypr": [
                86.78654479980469,
                0.0,
                0.0
            ]
        },
        {
            "name": "Bear_White",
            "pos": [
                8158.4052734375,
                475.1034851074219,
                9115.787109375
            ],
            "ypr": [
                28.772024154663087,
                0.0,
                0.0
            ]
        },
        {
            "name": "CigarettePack_Chernamorka",
            "pos": [
                8158.51318359375,
                475.0294494628906,
                9115.16796875
            ],
            "ypr": [
                69.7501449584961,
                -90.0,
                -0.000005008955668017734
            ]
        },
        {
            "name": "CigarettePack_Chernamorka",
            "pos": [
                8158.5693359375,
                475.0294494628906,
                9115.2216796875
            ],
            "ypr": [
                -110.0,
                -90.0,
                179.99996948242188
            ]
        },
        {
            "name": "CigarettePack_Chernamorka",
            "pos": [
                8158.62158203125,
                475.0294494628906,
                9115.2529296875
            ],
            "ypr": [
                -110.0,
                -90.0,
                179.99998474121095
            ]
        },
        {
            "name": "CigarettePack_Merkur",
            "pos": [
                8158.4404296875,
                475.0294494628906,
                9115.294921875
            ],
            "ypr": [
                -110.0,
                -90.0,
                179.99996948242188
            ]
        },
        {
            "name": "CigarettePack_Merkur",
            "pos": [
                8158.4873046875,
                475.0294494628906,
                9115.333984375
            ],
            "ypr": [
                -110.0,
                -90.0,
                179.99998474121095
            ]
        },
        {
            "name": "CigarettePack_Merkur",
            "pos": [
                8158.54443359375,
                475.0294494628906,
                9115.3564453125
            ],
            "ypr": [
                -110.0,
                -90.0,
                179.99998474121095
            ]
        },
        {
            "name": "CigarettePack_Partyzanka",
            "pos": [
                8158.36181640625,
                475.0294494628906,
                9115.4228515625
            ],
            "ypr": [
                -110.0,
                -90.0,
                179.99998474121095
            ]
        },
        {
            "name": "CigarettePack_Partyzanka",
            "pos": [
                8158.41845703125,
                475.0294494628906,
                9115.4541015625
            ],
            "ypr": [
                -110.0,
                -90.0,
                179.99998474121095
            ]
        },
        {
            "name": "CigarettePack_Partyzanka",
            "pos": [
                8158.47607421875,
                475.0294494628906,
                9115.48046875
            ],
            "ypr": [
                -110.0,
                -90.0,
                179.99993896484376
            ]
        },
        {
            "name": "PetrolLighter",
            "pos": [
                8158.69384765625,
                474.97930908203127,
                9115.373046875
            ],
            "ypr": [
                174.2731475830078,
                0.0,
                90.0
            ]
        },
        {
            "name": "PetrolLighter",
            "pos": [
                8158.541015625,
                474.97930908203127,
                9115.453125
            ],
            "ypr": [
                95.70753479003906,
                0.0,
                90.0
            ]
        },
        {
            "name": "PetrolLighter",
            "pos": [
                8158.6123046875,
                474.97930908203127,
                9115.46875
            ],
            "ypr": [
                19.24038314819336,
                0.0,
                90.0
            ]
        },
        {
            "name": "PetrolLighter",
            "pos": [
                8158.72119140625,
                474.97930908203127,
                9115.232421875
            ],
            "ypr": [
                -24.794164657592775,
                0.0,
                90.0
            ]
        },
        {
            "name": "PetrolLighter",
            "pos": [
                8158.65283203125,
                474.9794921875,
                9115.333984375
            ],
            "ypr": [
                -170.8562774658203,
                0.0,
                -90.0
            ]
        },
        {
            "name": "FarmingHoe",
            "pos": [
                8160.01904296875,
                474.3678894042969,
                9115.2646484375
            ],
            "ypr": [
                -31.380661010742189,
                0.0,
                0.0
            ]
        },
        {
            "name": "FarmingHoe",
            "pos": [
                8159.8291015625,
                474.35638427734377,
                9115.181640625
            ],
            "ypr": [
                -30.541440963745118,
                2.9999988079071047,
                0.0
            ]
        },
        {
            "name": "FarmingHoe",
            "pos": [
                8159.638671875,
                474.3552551269531,
                9115.0517578125
            ],
            "ypr": [
                -30.0,
                2.9999988079071047,
                0.0
            ]
        },
        {
            "name": "Pickaxe",
            "pos": [
                8159.8193359375,
                474.3823547363281,
                9115.3837890625
            ],
            "ypr": [
                52.19169235229492,
                -1.0,
                13.999977111816407
            ]
        },
        {
            "name": "Pickaxe",
            "pos": [
                8159.583984375,
                474.3823547363281,
                9115.19140625
            ],
            "ypr": [
                58.999969482421878,
                -0.9999999403953552,
                23.99995994567871
            ]
        },
        {
            "name": "FieldShovel",
            "pos": [
                8159.947265625,
                474.2679138183594,
                9115.4248046875
            ],
            "ypr": [
                -41.999935150146487,
                17.999977111816408,
                0.9999969601631165
            ]
        },
        {
            "name": "FieldShovel",
            "pos": [
                8159.6669921875,
                474.2679138183594,
                9115.2734375
            ],
            "ypr": [
                -41.99997329711914,
                20.999984741210939,
                0.0
            ]
        },
        {
            "name": "GardenLime",
            "pos": [
                8160.3515625,
                474.6874694824219,
                9115.88671875
            ],
            "ypr": [
                152.9999237060547,
                0.0,
                0.0
            ]
        },
        {
            "name": "Vodka",
            "pos": [
                8157.67529296875,
                476.1505126953125,
                9116.912109375
            ],
            "ypr": [
                -107.36682891845703,
                0.0,
                0.0
            ]
        },
        {
            "name": "Vodka",
            "pos": [
                8157.58447265625,
                476.1400146484375,
                9117.224609375
            ],
            "ypr": [
                -102.04412078857422,
                0.0,
                0.0
            ]
        },
        {
            "name": "Vodka",
            "pos": [
                8157.43115234375,
                476.1400146484375,
                9117.4990234375
            ],
            "ypr": [
                -102.0,
                0.0,
                0.0
            ]
        },
        {
            "name": "Vodka",
            "pos": [
                8157.224609375,
                476.1505126953125,
                9117.806640625
            ],
            "ypr": [
                -102.67935180664063,
                0.0,
                0.0
            ]
        },
        {
            "name": "Vodka",
            "pos": [
                8157.11572265625,
                476.1400146484375,
                9118.083984375
            ],
            "ypr": [
                -102.33972930908203,
                0.0,
                0.0
            ]
        },
        {
            "name": "Vodka",
            "pos": [
                8156.93408203125,
                476.1400146484375,
                9118.3828125
            ],
            "ypr": [
                -102.0,
                0.0,
                0.0
            ]
        },
        {
            "name": "SodaCan_Kvass",
            "pos": [
                8157.7060546875,
                475.5754699707031,
                9116.9140625
            ],
            "ypr": [
                -72.56117248535156,
                0.0,
                0.0
            ]
        },
        {
            "name": "SodaCan_Kvass",
            "pos": [
                8157.5771484375,
                475.5754699707031,
                9117.2119140625
            ],
            "ypr": [
                111.15801239013672,
                0.0,
                0.0
            ]
        },
        {
            "name": "SodaCan_Kvass",
            "pos": [
                8157.44189453125,
                475.5754699707031,
                9117.482421875
            ],
            "ypr": [
                107.85513305664063,
                0.0,
                0.0
            ]
        },
        {
            "name": "SodaCan_Kvass",
            "pos": [
                8157.28076171875,
                475.5754699707031,
                9117.7841796875
            ],
            "ypr": [
                105.11753845214844,
                0.0,
                0.0
            ]
        },
        {
            "name": "SodaCan_Kvass",
            "pos": [
                8157.1005859375,
                475.5754699707031,
                9118.04296875
            ],
            "ypr": [
                -76.938720703125,
                0.0,
                0.0
            ]
        },
        {
            "name": "SodaCan_Kvass",
            "pos": [
                8156.93310546875,
                475.5754699707031,
                9118.380859375
            ],
            "ypr": [
                -79.86074829101563,
                0.0,
                0.0
            ]
        },
        {
            "name": "AKM_TESTBED",
            "pos": [
                8157.2666015625,
                474.27679443359377,
                9118.908203125
            ],
            "ypr": [
                -22.999984741210939,
                -17.99998664855957,
                85.99970245361328
            ]
        },
        {
            "name": "Mag_AKM_Drum75Rnd",
            "pos": [
                8157.2041015625,
                474.16790771484377,
                9118.2607421875
            ],
            "ypr": [
                -150.31124877929688,
                0.0,
                -90.0
            ]
        },
        {
            "name": "Mag_AKM_Drum75Rnd_Green",
            "pos": [
                8157.314453125,
                474.16741943359377,
                9118.390625
            ],
            "ypr": [
                -140.2877655029297,
                0.0,
                -90.0
            ]
        },
        {
            "name": "AK_WoodBttstck_Camo",
            "pos": [
                8157.3056640625,
                474.6662902832031,
                9118.4013671875
            ],
            "ypr": [
                0.0,
                -89.96572875976563,
                0.0
            ]
        },
        {
            "name": "AK_WoodHndgrd_Camo",
            "pos": [
                8157.42919921875,
                474.66705322265627,
                9118.22265625
            ],
            "ypr": [
                0.0,
                -89.96572875976563,
                0.0
            ]
        },
        {
            "name": "KobraOptic",
            "pos": [
                8157.4736328125,
                474.6825866699219,
                9117.9384765625
            ],
            "ypr": [
                0.0,
                -89.96572875976563,
                0.0
            ]
        },
        {
            "name": "Battery9V",
            "pos": [
                8157.52197265625,
                474.6582336425781,
                9118.07421875
            ],
            "ypr": [
                0.0,
                89.96572875976563,
                0.0
            ]
        },
        {
            "name": "Battery9V",
            "pos": [
                8157.521484375,
                474.6581726074219,
                9118.130859375
            ],
            "ypr": [
                0.0,
                89.96572875976563,
                0.0
            ]
        },
        {
            "name": "Battery9V",
            "pos": [
                8157.5791015625,
                474.6581115722656,
                9118.0654296875
            ],
            "ypr": [
                0.0,
                89.96572875976563,
                0.0
            ]
        },
        {
            "name": "SawedoffIzh43Shotgun",
            "pos": [
                8157.4716796875,
                474.1706237792969,
                9118.0625
            ],
            "ypr": [
                24.999984741210939,
                89.96572875976563,
                0.0
            ]
        },
        {
            "name": "Ammo_12gaBeanbag",
            "pos": [
                8157.49609375,
                474.15191650390627,
                9118.09375
            ],
            "ypr": [
                94.83687591552735,
                0.0,
                0.0
            ]
        },
        {
            "name": "Ammo_12gaPellets",
            "pos": [
                8157.3369140625,
                474.1522521972656,
                9118.1494140625
            ],
            "ypr": [
                -175.84153747558595,
                0.0,
                0.0
            ]
        },
        {
            "name": "Rope",
            "pos": [
                8157.4326171875,
                474.1553649902344,
                9118.2470703125
            ],
            "ypr": [
                -68.99980163574219,
                -89.96572875976563,
                179.99989318847657
            ]
        },
        {
            "name": "PowerGenerator",
            "pos": [
                8157.6943359375,
                474.0716552734375,
                9117.53515625
            ],
            "ypr": [
                -28.354639053344728,
                0.0,
                0.0
            ]
        },
        {
            "name": "Spotlight",
            "pos": [
                8160.2958984375,
                474.21112060546877,
                9119.109375
            ],
            "ypr": [
                156.54539489746095,
                0.0,
                -0.00010399999155197293
            ]
        },
        {
            "name": "Spotlight",
            "pos": [
                8160.4736328125,
                474.1222839355469,
                9118.93359375
            ],
            "ypr": [
                -166.1815185546875,
                0.0,
                0.0
            ]
        },
        {
            "name": "CableReel",
            "pos": [
                8157.65185546875,
                474.1222839355469,
                9117.03515625
            ],
            "ypr": [
                59.76667404174805,
                0.0,
                0.0
            ]
        },
        {
            "name": "SparkPlug",
            "pos": [
                8157.8935546875,
                474.8000793457031,
                9117.7353515625
            ],
            "ypr": [
                2.908740997314453,
                0.0,
                -90.0
            ]
        },
        {
            "name": "SparkPlug",
            "pos": [
                8157.87890625,
                474.79840087890627,
                9117.6826171875
            ],
            "ypr": [
                153.8819580078125,
                0.0,
                90.0
            ]
        },
        {
            "name": "CanisterGasoline",
            "pos": [
                8158.00927734375,
                474.311767578125,
                9116.4619140625
            ],
            "ypr": [
                -25.92516326904297,
                0.0,
                0.0
            ]
        },
        {
            "name": "CanisterGasoline",
            "pos": [
                8157.908203125,
                474.311767578125,
                9116.6474609375
            ],
            "ypr": [
                -26.834684371948243,
                0.0,
                0.0
            ]
        },
        {
            "name": "WoodenPlank",
            "pos": [
                8160.60400390625,
                475.31671142578127,
                9119.607421875
            ],
            "ypr": [
                63.62887954711914,
                0.0,
                0.0
            ]
        },
        {
            "name": "WoodenLog",
            "pos": [
                8160.28369140625,
                475.45904541015627,
                9120.1923828125
            ],
            "ypr": [
                143.77142333984376,
                90.0,
                -0.00010427406232338399
            ]
        },
        {
            "name": "WoodenLog",
            "pos": [
                8160.197265625,
                475.4574279785156,
                9120.50390625
            ],
            "ypr": [
                26.609766006469728,
                90.0,
                -0.00007695332169532776
            ]
        },
        {
            "name": "BandageDressing",
            "pos": [
                8160.82470703125,
                475.36590576171877,
                9119.2041015625
            ],
            "ypr": [
                0.0,
                89.96572875976563,
                0.0
            ]
        },
        {
            "name": "BandageDressing",
            "pos": [
                8160.7392578125,
                475.36590576171877,
                9119.3837890625
            ],
            "ypr": [
                0.0,
                89.96572875976563,
                0.0
            ]
        },
        {
            "name": "BandageDressing",
            "pos": [
                8160.62841796875,
                475.3658142089844,
                9119.5322265625
            ],
            "ypr": [
                0.0,
                89.96572875976563,
                0.0
            ]
        },
        {
            "name": "Hatchet",
            "pos": [
                8160.48095703125,
                475.35406494140627,
                9119.83203125
            ],
            "ypr": [
                153.9992218017578,
                -89.96572875976563,
                179.99989318847657
            ]
        },
        {
            "name": "Cannabis",
            "pos": [
                8157.00244140625,
                475.5361328125,
                9118.232421875
            ],
            "ypr": [
                37.84355163574219,
                0.0,
                179.9999542236328
            ]
        },
        {
            "name": "Cannabis",
            "pos": [
                8157.14453125,
                475.524658203125,
                9117.890625
            ],
            "ypr": [
                117.33757781982422,
                0.0,
                0.0
            ]
        },
        {
            "name": "Cannabis",
            "pos": [
                8157.337890625,
                475.5361328125,
                9117.62109375
            ],
            "ypr": [
                121.79267883300781,
                0.0,
                179.9999542236328
            ]
        },
        {
            "name": "Cannabis",
            "pos": [
                8157.50830078125,
                475.5361328125,
                9117.3427734375
            ],
            "ypr": [
                -61.30006408691406,
                0.0,
                179.9999542236328
            ]
        },
        {
            "name": "Cannabis",
            "pos": [
                8157.62646484375,
                475.524658203125,
                9117.052734375
            ],
            "ypr": [
                2.1094248294830324,
                0.0,
                0.0
            ]
        },
        {
            "name": "DisinfectantSpray",
            "pos": [
                8158.3525390625,
                474.31134033203127,
                9115.955078125
            ],
            "ypr": [
                -173.7760467529297,
                0.0,
                0.0
            ]
        },
        {
            "name": "DisinfectantSpray",
            "pos": [
                8158.224609375,
                474.31134033203127,
                9116.0439453125
            ],
            "ypr": [
                6.372253894805908,
                0.0,
                0.0
            ]
        },
        {
            "name": "DisinfectantSpray",
            "pos": [
                8158.22705078125,
                474.31134033203127,
                9116.1376953125
            ],
            "ypr": [
                -122.80891418457031,
                0.0,
                0.0
            ]
        },
        {
            "name": "DisinfectantSpray",
            "pos": [
                8158.33935546875,
                474.31134033203127,
                9116.1953125
            ],
            "ypr": [
                70.29264831542969,
                0.0,
                0.0
            ]
        },
        {
            "name": "DisinfectantSpray",
            "pos": [
                8158.4111328125,
                474.31134033203127,
                9116.0419921875
            ],
            "ypr": [
                42.65021896362305,
                0.0,
                0.0
            ]
        },
        {
            "name": "DisinfectantSpray",
            "pos": [
                8158.47802734375,
                474.31134033203127,
                9115.9013671875
            ],
            "ypr": [
                -99.61607360839844,
                0.0,
                0.0
            ]
        },
        {
            "name": "SmallProtectorCase",
            "pos": [
                8158.68798828125,
                474.2083740234375,
                9116.0595703125
            ],
            "ypr": [
                -25.999980926513673,
                89.96572875976563,
                0.0
            ]
        },
        {
            "name": "SmallProtectorCase",
            "pos": [
                8158.544921875,
                474.20623779296877,
                9116.2626953125
            ],
            "ypr": [
                -25.999980926513673,
                -89.96572875976563,
                179.99989318847657
            ]
        },
        {
            "name": "SmallProtectorCase",
            "pos": [
                8158.6201171875,
                474.3268737792969,
                9116.1767578125
            ],
            "ypr": [
                38.999908447265628,
                89.96572875976563,
                0.0
            ]
        },
        {
            "name": "LargeTent",
            "pos": [
                8157.2890625,
                474.986328125,
                9117.9228515625
            ],
            "ypr": [
                -119.65276336669922,
                0.0,
                0.0
            ]
        },
        {
            "name": "LargeTent",
            "pos": [
                8158.1533203125,
                476.1926574707031,
                9119.4736328125
            ],
            "ypr": [
                152.65304565429688,
                0.0,
                0.0
            ]
        },
        {
            "name": "LargeTent",
            "pos": [
                8159.23583984375,
                476.19000244140627,
                9120.0498046875
            ],
            "ypr": [
                151.99998474121095,
                0.0,
                0.0
            ]
        },
        {
            "name": "WoodenPlank",
            "pos": [
                8158.140625,
                476.1711730957031,
                9119.4169921875
            ],
            "ypr": [
                -30.14127540588379,
                0.0,
                0.0
            ]
        },
        {
            "name": "WoodenPlank",
            "pos": [
                8159.23486328125,
                476.167236328125,
                9120.025390625
            ],
            "ypr": [
                -30.549638748168947,
                0.0,
                0.0
            ]
        },
        {
            "name": "Barrel_Green",
            "pos": [
                8161.2373046875,
                474.10040283203127,
                9117.2509765625
            ],
            "ypr": [
                -30.312206268310548,
                0.0,
                0.0
            ]
        },
        {
            "name": "DryBag_Green",
            "pos": [
                8158.83251953125,
                474.09539794921877,
                9115.2294921875
            ],
            "ypr": [
                -173.00091552734376,
                0.0,
                0.0
            ]
        },
        {
            "name": "WaterproofBag_Green",
            "pos": [
                8158.8017578125,
                474.23828125,
                9115.634765625
            ],
            "ypr": [
                0.0,
                0.0,
                0.0
            ]
        },
        {
            "name": "WaterproofBag_Green",
            "pos": [
                8158.6025390625,
                474.2496337890625,
                9115.486328125
            ],
            "ypr": [
                0.0,
                0.0,
                0.0
            ]
        },
        {
            "name": "WoodenPlank",
            "pos": [
                8156.8427734375,
                477.6665954589844,
                9117.208984375
            ],
            "ypr": [
                156.6616973876953,
                0.0,
                90.0
            ]
        },
        {
            "name": "WoodenPlank",
            "pos": [
                8156.92041015625,
                477.67230224609377,
                9117.048828125
            ],
            "ypr": [
                156.0,
                0.0,
                90.0
            ]
        },
        {
            "name": "WoodenPlank",
            "pos": [
                8157.00634765625,
                477.6700134277344,
                9116.9072265625
            ],
            "ypr": [
                156.0,
                0.0,
                90.0
            ]
        },
        {
            "name": "WoodenPlank",
            "pos": [
                8157.0654296875,
                477.6700134277344,
                9116.74609375
            ],
            "ypr": [
                156.0,
                0.0,
                90.0
            ]
        },
        {
            "name": "WoodenPlank",
            "pos": [
                8157.13818359375,
                477.6753234863281,
                9116.5595703125
            ],
            "ypr": [
                155.99989318847657,
                0.0,
                90.0
            ]
        },
        {
            "name": "WoodenPlank",
            "pos": [
                8157.1953125,
                477.6700134277344,
                9116.3896484375
            ],
            "ypr": [
                156.0,
                0.0,
                90.0
            ]
        },
        {
            "name": "WoodenPlank",
            "pos": [
                8157.306640625,
                477.6700134277344,
                9116.2431640625
            ],
            "ypr": [
                156.0,
                0.0,
                90.0
            ]
        },
        {
            "name": "WoodenPlank",
            "pos": [
                8157.39208984375,
                477.6700134277344,
                9116.08203125
            ],
            "ypr": [
                156.0,
                0.0,
                90.0
            ]
        },
        {
            "name": "WoodenPlank",
            "pos": [
                8157.4765625,
                477.6700134277344,
                9115.923828125
            ],
            "ypr": [
                156.0,
                0.0,
                90.0
            ]
        },
        {
            "name": "WoodenPlank",
            "pos": [
                8157.55859375,
                477.6700134277344,
                9115.7685546875
            ],
            "ypr": [
                156.0,
                0.0,
                90.0
            ]
        },
        {
            "name": "Cannabis",
            "pos": [
                8156.92822265625,
                477.8198547363281,
                9116.9228515625
            ],
            "ypr": [
                -135.35426330566407,
                90.0,
                179.99989318847657
            ]
        },
        {
            "name": "Cannabis",
            "pos": [
                8156.92822265625,
                477.6698913574219,
                9116.9228515625
            ],
            "ypr": [
                44.00005340576172,
                90.0,
                179.99989318847657
            ]
        },
        {
            "name": "Cannabis",
            "pos": [
                8156.91943359375,
                477.54339599609377,
                9116.9423828125
            ],
            "ypr": [
                44.00005340576172,
                90.0,
                -0.00010427406232338399
            ]
        },
        {
            "name": "Cannabis",
            "pos": [
                8156.9580078125,
                477.4124755859375,
                9116.9560546875
            ],
            "ypr": [
                -135.99993896484376,
                90.0,
                179.99996948242188
            ]
        },
        {
            "name": "Cannabis",
            "pos": [
                8156.88232421875,
                477.8183288574219,
                9116.9521484375
            ],
            "ypr": [
                -135.99993896484376,
                90.0,
                179.99989318847657
            ]
        },
        {
            "name": "Cannabis",
            "pos": [
                8157.00634765625,
                477.8140869140625,
                9116.84765625
            ],
            "ypr": [
                44.00005340576172,
                90.0,
                -0.00010427406232338399
            ]
        },
        {
            "name": "Cannabis",
            "pos": [
                8157.0283203125,
                477.8019714355469,
                9116.7705078125
            ],
            "ypr": [
                44.00005340576172,
                90.0,
                -0.000049632551963441077
            ]
        },
        {
            "name": "Cannabis",
            "pos": [
                8157.05859375,
                477.8205871582031,
                9116.740234375
            ],
            "ypr": [
                -135.99993896484376,
                90.0,
                179.99989318847657
            ]
        },
        {
            "name": "Cannabis",
            "pos": [
                8157.07470703125,
                477.81805419921877,
                9116.666015625
            ],
            "ypr": [
                53.70280075073242,
                90.0,
                -0.000022311800421448426
            ]
        },
        {
            "name": "Cannabis",
            "pos": [
                8156.8583984375,
                477.8179931640625,
                9117.0146484375
            ],
            "ypr": [
                -102.00568389892578,
                90.0,
                179.99989318847657
            ]
        },
        {
            "name": "Cannabis",
            "pos": [
                8156.8056640625,
                477.8029479980469,
                9117.0595703125
            ],
            "ypr": [
                89.94231414794922,
                90.0,
                179.9999237060547
            ]
        },
        {
            "name": "Cannabis",
            "pos": [
                8156.91943359375,
                477.66943359375,
                9116.875
            ],
            "ypr": [
                -72.81961822509766,
                90.0,
                -0.00010427406232338399
            ]
        },
        {
            "name": "Cannabis",
            "pos": [
                8156.99072265625,
                477.5580749511719,
                9116.8828125
            ],
            "ypr": [
                156.40611267089845,
                90.0,
                -0.00007695332169532776
            ]
        },
        {
            "name": "Cannabis",
            "pos": [
                8156.97314453125,
                477.4433898925781,
                9116.8828125
            ],
            "ypr": [
                -138.1627960205078,
                90.0,
                179.99998474121095
            ]
        },
        {
            "name": "Cannabis",
            "pos": [
                8157.14599609375,
                477.7767333984375,
                9116.4833984375
            ],
            "ypr": [
                72.45170593261719,
                90.0,
                -0.00010427406232338399
            ]
        },
        {
            "name": "Cannabis",
            "pos": [
                8157.095703125,
                477.6581726074219,
                9116.4736328125
            ],
            "ypr": [
                72.00001525878906,
                90.0,
                179.99989318847657
            ]
        },
        {
            "name": "Cannabis",
            "pos": [
                8157.14404296875,
                477.5081787109375,
                9116.4873046875
            ],
            "ypr": [
                -107.99998474121094,
                90.0,
                179.99998474121095
            ]
        },
        {
            "name": "Cannabis",
            "pos": [
                8157.0966796875,
                477.42022705078127,
                9116.4814453125
            ],
            "ypr": [
                72.00001525878906,
                90.0,
                179.99989318847657
            ]
        },
        {
            "name": "Cannabis",
            "pos": [
                8157.1220703125,
                477.6155700683594,
                9116.3828125
            ],
            "ypr": [
                -107.99998474121094,
                90.0,
                -0.000022311800421448426
            ]
        },
        {
            "name": "Cannabis",
            "pos": [
                8157.1591796875,
                477.6199951171875,
                9116.2998046875
            ],
            "ypr": [
                150.52822875976563,
                0.0,
                0.0
            ]
        },
        {
            "name": "Cannabis",
            "pos": [
                8157.27783203125,
                477.7872314453125,
                9116.2490234375
            ],
            "ypr": [
                -107.99998474121094,
                90.0,
                179.99993896484376
            ]
        },
        {
            "name": "Cannabis",
            "pos": [
                8157.1474609375,
                477.6727294921875,
                9116.193359375
            ],
            "ypr": [
                -107.99998474121094,
                90.0,
                179.99998474121095
            ]
        },
        {
            "name": "Cannabis",
            "pos": [
                8157.28125,
                477.4820861816406,
                9116.240234375
            ],
            "ypr": [
                72.00001525878906,
                90.0,
                -0.000005008955668017734
            ]
        },
        {
            "name": "Cannabis",
            "pos": [
                8157.283203125,
                477.4014892578125,
                9116.236328125
            ],
            "ypr": [
                72.00001525878906,
                90.0,
                -0.000005008955668017734
            ]
        },
        {
            "name": "Cannabis",
            "pos": [
                8157.3798828125,
                477.759765625,
                9116.05078125
            ],
            "ypr": [
                72.00001525878906,
                90.0,
                -0.00007695332169532776
            ]
        },
        {
            "name": "Cannabis",
            "pos": [
                8157.341796875,
                477.6446838378906,
                9116.0234375
            ],
            "ypr": [
                -107.99998474121094,
                90.0,
                -0.00010427406232338399
            ]
        },
        {
            "name": "Cannabis",
            "pos": [
                8157.3974609375,
                477.48052978515627,
                9116.009765625
            ],
            "ypr": [
                -107.99998474121094,
                90.0,
                179.9999237060547
            ]
        },
        {
            "name": "Cannabis",
            "pos": [
                8157.443359375,
                477.3811340332031,
                9115.9384765625
            ],
            "ypr": [
                23.34663200378418,
                0.0,
                0.0
            ]
        },
        {
            "name": "Cannabis",
            "pos": [
                8157.46923828125,
                477.4149475097656,
                9115.861328125
            ],
            "ypr": [
                -46.978973388671878,
                0.0,
                0.0
            ]
        },
        {
            "name": "Cannabis",
            "pos": [
                8157.42431640625,
                477.363525390625,
                9115.9814453125
            ],
            "ypr": [
                -50.34087371826172,
                0.0,
                0.0
            ]
        },
        {
            "name": "Cannabis",
            "pos": [
                8157.49462890625,
                477.3799133300781,
                9115.8232421875
            ],
            "ypr": [
                55.84521484375,
                0.0,
                0.0
            ]
        },
        {
            "name": "Cannabis",
            "pos": [
                8157.3544921875,
                477.5658264160156,
                9116.0048828125
            ],
            "ypr": [
                72.00001525878906,
                90.0,
                -0.000005008955668017734
            ]
        },
        {
            "name": "Cannabis",
            "pos": [
                8157.3369140625,
                477.8590087890625,
                9116.0048828125
            ],
            "ypr": [
                -107.99998474121094,
                90.0,
                179.9999542236328
            ]
        },
        {
            "name": "Cannabis",
            "pos": [
                8157.40869140625,
                477.86309814453127,
                9115.955078125
            ],
            "ypr": [
                72.00001525878906,
                90.0,
                179.99989318847657
            ]
        },
        {
            "name": "Cannabis",
            "pos": [
                8157.43017578125,
                477.8707580566406,
                9115.8564453125
            ],
            "ypr": [
                156.2028045654297,
                0.0,
                179.9999237060547
            ]
        },
        {
            "name": "Cannabis",
            "pos": [
                8157.5224609375,
                477.8790588378906,
                9115.8740234375
            ],
            "ypr": [
                99.92369842529297,
                0.0,
                0.0
            ]
        },
        {
            "name": "Cannabis",
            "pos": [
                8157.5166015625,
                477.8589172363281,
                9115.8037109375
            ],
            "ypr": [
                -51.170379638671878,
                90.0,
                179.99993896484376
            ]
        },
        {
            "name": "SportGlasses_Orange",
            "pos": [
                8158.3798828125,
                475.1944885253906,
                9115.73046875
            ],
            "ypr": [
                -153.00048828125,
                -89.96572875976563,
                0.0
            ]
        },
        {
            "name": "SportGlasses_Blue",
            "pos": [
                8158.85009765625,
                475.19464111328127,
                9115.0703125
            ],
            "ypr": [
                -93.99968719482422,
                -89.96572875976563,
                0.0
            ]
        }
    ]
}