{
    "Objects": [
        {
            "name": "Land_Garage_Row_Small",
            "pos": [
                8244.005859375,
                469.1747131347656,
                9086.12109375
            ],
            "ypr": [
                -120.82952117919922,
                -0.0,
                -0.0
            ]
        },
        {
            "name": "Barrel_Green",
            "pos": [
                8243.1103515625,
                467.62188720703127,
                9093.6875
            ],
            "ypr": [
                0.0,
                -0.0,
                -0.0
            ]
        },
        {
            "name": "Barrel_Green",
            "pos": [
                8244.6513671875,
                467.6276550292969,
                9094.3984375
            ],
            "ypr": [
                0.0,
                -0.0,
                -0.0
            ]
        },
        {
            "name": "Barrel_Blue",
            "pos": [
                8246.2890625,
                467.6437072753906,
                9088.2587890625
            ],
            "ypr": [
                0.0,
                -0.0,
                -0.0
            ]
        },
        {
            "name": "Barrel_Yellow",
            "pos": [
                8245.46484375,
                467.63348388671877,
                9083.2880859375
            ],
            "ypr": [
                0.0,
                -0.0,
                -0.0
            ]
        },
        {
            "name": "Barrel_Blue",
            "pos": [
                8246.7734375,
                467.63232421875,
                9087.23828125
            ],
            "ypr": [
                0.0,
                -0.0,
                -0.0
            ]
        },
        {
            "name": "Barrel_Yellow",
            "pos": [
                8246.27734375,
                467.62640380859377,
                9083.9599609375
            ],
            "ypr": [
                0.0,
                -0.0,
                -0.0
            ]
        }
    ]
}