{
    "Objects": [
        {
            "name": "Land_Castle_Donjon",
            "pos": [
                8178.013671875,
                482.88446044921877,
                9171.62890625
            ],
            "ypr": [
                -26.999990463256837,
                0.0,
                0.0
            ]
        },
        {
            "name": "Land_Castle_Gate",
            "pos": [
                8143.17041015625,
                478.2389831542969,
                9163.7099609375
            ],
            "ypr": [
                12.0,
                0.0,
                0.0
            ]
        },
        {
            "name": "Land_Castle_Wall1_20",
            "pos": [
                8163.81201171875,
                476.6335144042969,
                9170.1923828125
            ],
            "ypr": [
                -26.99995231628418,
                0.0,
                0.0
            ]
        },
        {
            "name": "Land_Castle_Wall1_20",
            "pos": [
                8127.8681640625,
                476.4903869628906,
                9151.3681640625
            ],
            "ypr": [
                -53.99986267089844,
                0.0,
                0.0
            ]
        },
        {
            "name": "Land_Castle_Wall1_20_Turn_nolc",
            "pos": [
                8118.6728515625,
                476.3943786621094,
                9134.1259765625
            ],
            "ypr": [
                -62.99994659423828,
                0.0,
                0.0
            ]
        },
        {
            "name": "Land_Castle_Wall1_20_nolc",
            "pos": [
                8113.90576171875,
                476.541748046875,
                9115.1328125
            ],
            "ypr": [
                -81.00003814697266,
                0.0,
                0.0
            ]
        },
        {
            "name": "Land_Castle_Bergfrit",
            "pos": [
                8111.96630859375,
                476.795166015625,
                9097.615234375
            ],
            "ypr": [
                152.9998321533203,
                0.0,
                -0.0
            ]
        },
        {
            "name": "Land_Castle_Wall1_20",
            "pos": [
                8123.095703125,
                476.6141662597656,
                9083.7177734375
            ],
            "ypr": [
                -116.99996185302735,
                0.0,
                -0.0
            ]
        },
        {
            "name": "Land_Castle_Wall1_20",
            "pos": [
                8132.15087890625,
                476.6250305175781,
                9065.89453125
            ],
            "ypr": [
                -116.99989318847656,
                0.0,
                -0.0
            ]
        },
        {
            "name": "Land_Castle_Wall1_20",
            "pos": [
                8141.2236328125,
                476.5161437988281,
                9048.0107421875
            ],
            "ypr": [
                -117.00003051757813,
                0.0,
                -0.0
            ]
        },
        {
            "name": "Land_Castle_Wall1_20",
            "pos": [
                8150.34375,
                476.5324401855469,
                9030.1181640625
            ],
            "ypr": [
                -116.99989318847656,
                0.0,
                -0.0
            ]
        },
        {
            "name": "Land_Castle_Wall1_20",
            "pos": [
                8159.41796875,
                476.5249938964844,
                9012.28515625
            ],
            "ypr": [
                -116.99989318847656,
                0.0,
                -0.0
            ]
        },
        {
            "name": "Land_Castle_Wall1_20",
            "pos": [
                8168.39453125,
                476.39080810546877,
                8994.599609375
            ],
            "ypr": [
                -116.99986267089844,
                0.0,
                -0.0
            ]
        },
        {
            "name": "Land_Castle_Bergfrit",
            "pos": [
                8178.7568359375,
                485.9627380371094,
                8981.2890625
            ],
            "ypr": [
                90.00000762939453,
                0.0,
                -0.0
            ]
        },
        {
            "name": "Land_Castle_Stairs_nolc",
            "pos": [
                8181.4130859375,
                476.150390625,
                8988.810546875
            ],
            "ypr": [
                179.9999237060547,
                0.0,
                -0.0
            ]
        },
        {
            "name": "Land_Castle_Wall1_20_Turn_nolc",
            "pos": [
                8194.931640625,
                473.1470031738281,
                8986.8994140625
            ],
            "ypr": [
                171.00003051757813,
                0.0,
                -0.0
            ]
        },
        {
            "name": "Land_Castle_Wall1_20",
            "pos": [
                8213.37890625,
                473.1734313964844,
                8994.515625
            ],
            "ypr": [
                153.0000457763672,
                0.0,
                -0.0
            ]
        },
        {
            "name": "Land_Castle_Wall1_20",
            "pos": [
                8231.216796875,
                473.1734313964844,
                9003.6328125
            ],
            "ypr": [
                152.99993896484376,
                0.0,
                -0.0
            ]
        },
        {
            "name": "Land_Castle_Wall1_20",
            "pos": [
                8248.99609375,
                473.1734924316406,
                9012.7265625
            ],
            "ypr": [
                153.00003051757813,
                0.0,
                -0.0
            ]
        },
        {
            "name": "Land_Castle_Donjon",
            "pos": [
                8259.3544921875,
                473.1737060546875,
                9021.4404296875
            ],
            "ypr": [
                -117.0,
                0.0,
                -0.0
            ]
        },
        {
            "name": "Land_Castle_Gate",
            "pos": [
                8240.330078125,
                469.7550048828125,
                9069.099609375
            ],
            "ypr": [
                64.49999237060547,
                0.0,
                0.0
            ]
        },
        {
            "name": "Land_Castle_Wall1_20",
            "pos": [
                8248.4326171875,
                468.6589050292969,
                9051.0029296875
            ],
            "ypr": [
                62.99997329711914,
                -0.0,
                -0.0
            ]
        },
        {
            "name": "Land_Castle_Wall1_20",
            "pos": [
                8255.75,
                468.5957946777344,
                9033.2119140625
            ],
            "ypr": [
                72.00001525878906,
                -0.0,
                -0.0
            ]
        },
        {
            "name": "Land_Castle_Stairs_nolc",
            "pos": [
                8240.4560546875,
                470.04229736328127,
                9055.1533203125
            ],
            "ypr": [
                -26.999975204467775,
                0.0,
                0.0
            ]
        },
        {
            "name": "Land_Castle_Wall1_20",
            "pos": [
                8228.3994140625,
                469.0566101074219,
                9085.6025390625
            ],
            "ypr": [
                62.99997329711914,
                -0.0,
                -0.0
            ]
        },
        {
            "name": "Land_Castle_Wall1_20",
            "pos": [
                8220.1572265625,
                470.795654296875,
                9101.8515625
            ],
            "ypr": [
                62.999961853027347,
                -0.0,
                -0.0
            ]
        },
        {
            "name": "Land_Castle_Wall1_20",
            "pos": [
                8211.890625,
                471.7422180175781,
                9118.265625
            ],
            "ypr": [
                63.000030517578128,
                -0.0,
                -0.0
            ]
        },
        {
            "name": "Land_Castle_Wall1_20_nolc",
            "pos": [
                8202.7744140625,
                472.19696044921877,
                9136.0751953125
            ],
            "ypr": [
                62.999961853027347,
                -0.0,
                -0.0
            ]
        },
        {
            "name": "Land_Castle_Wall1_20",
            "pos": [
                8193.712890625,
                472.1995849609375,
                9153.9755859375
            ],
            "ypr": [
                62.999961853027347,
                -0.0,
                -0.0
            ]
        },
        {
            "name": "Land_Castle_Wall2_Corner2",
            "pos": [
                8187.88427734375,
                472.304443359375,
                9165.57421875
            ],
            "ypr": [
                35.99998092651367,
                -0.0,
                -0.0
            ]
        },
        {
            "name": "CZ527_Green",
            "pos": [
                8109.0400390625,
                494.0399475097656,
                9093.7236328125
            ],
            "ypr": [
                74.99998474121094,
                10.944318771362305,
                90.0
            ]
        },
        {
            "name": "Mag_CZ527_5rnd",
            "pos": [
                8108.34033203125,
                494.39990234375,
                9094.3125
            ],
            "ypr": [
                0.0,
                -0.0,
                -0.0
            ]
        },
        {
            "name": "Mag_CZ527_5rnd",
            "pos": [
                8108.85009765625,
                495.0838317871094,
                9093.267578125
            ],
            "ypr": [
                1.5000001192092896,
                65.49999237060547,
                -104.99999237060547
            ]
        },
        {
            "name": "Land_Wall_Gate_IndCnc4",
            "pos": [
                8145.9833984375,
                476.2720031738281,
                9168.1728515625
            ],
            "ypr": [
                12.000001907348633,
                0.0,
                0.0
            ]
        },
        {
            "name": "Land_Wall_Gate_IndCnc4",
            "pos": [
                8245.6630859375,
                467.7890625,
                9069.6083984375
            ],
            "ypr": [
                63.0,
                -0.0,
                -0.0
            ]
        },
        {
            "name": "Land_Wreck_C130J",
            "pos": [
                8180.16259765625,
                504.589111328125,
                8967.408203125
            ],
            "ypr": [
                -170.99998474121095,
                9.499999046325684,
                -5.499999046325684
            ]
        },
        {
            "name": "Land_Wall_Gate_FenR_Big_Open",
            "pos": [
                8261.078125,
                466.5143737792969,
                9079.271484375
            ],
            "ypr": [
                62.999961853027347,
                -0.0,
                -0.0
            ]
        },
        {
            "name": "Land_Castle_WallS_5_D_nolc",
            "pos": [
                8264.9287109375,
                466.02203369140627,
                9076.0263671875
            ],
            "ypr": [
                -27.00006866455078,
                0.0,
                0.0
            ]
        }
    ]
}