<?xml version="1.0" encoding="UTF-8" standalone="yes"?>
<messages>


    <message>
        <repeat>33</repeat>
        <text>Join our discord for access to the Rules, Trader, Events, Factions and more</text>
    </message>
    
    <message>
        <repeat>25</repeat>
        <text>You're playing on #name. Remember Orange & White factions are not to be killed</text>
    </message>
    
    <message>
        <repeat>12</repeat>
        <text>join our Discord @ discord.gg/CYvxTaKAfN</text>
    </message>
    
    <message>
        <repeat>125</repeat>
        <text>The server is due to auto restart in approximately 2 hours</text>
    </message>
    
    <message>
        <repeat>60</repeat>
        <text>This server auto restarts @ 2am, 6am, 10am, 2pm 6pm ,10pm uk time </text>
    </message>
	
    <message>
        <repeat>230</repeat>
        <text>This server is due to restart in approximately 10 minutes </text>
    </message>
	
    <message>
        <repeat>180</repeat>
        <text>This server is due to restart in approximately 1 hour </text>
    </message>
	
    <message>
        <repeat>210</repeat>
        <text>This server is due to restart in approximately 30 minutes </text>
    </message>
 
 
 
 
	
	
</messages>