{
    "version": 115,
    "GeneralData": {
        "disableBaseDamage": 0,
        "disableContainerDamage": 0,
        "disableRespawnDialog": 1
    },
    "PlayerData": {
        "disablePersonalLight": 0,
        "StaminaData": {
            "sprintStaminaModifierErc": 0.1,
            "sprintStaminaModifierCro": 0.1,
            "staminaWeightLimitThreshold": 6000.0,
            "staminaMax": 10000.0,
            "staminaKgToStaminaPercentPenalty": 1.75,
            "staminaMinCap": 5.0
        },
        "ShockHandlingData": {
            "shockRefillSpeedConscious": 5.0,
            "shockRefillSpeedUnconscious": 1.0,
            "allowRefillSpeedModifier": true
        }
    },
    "WorldsData": {
        "lightingConfig": 1,
        "objectSpawnersArr": [
            "./custom/armorystore_by_ST4RSIck3rafis.json",
            "./custom/Radio_Zenit_Castle_Trader.json",
            "./custom/growshop_by_ST4RS_Ick3_rafi.json",
            "./custom/ECCGarageZenit.json",
            "./custom/ECCStoreZenit.json",
            "./custom/moreBuildings-Vibor.json",
            "./custom/mylocker.json"
        ]
    },
    "BaseBuildingData": {
        "HologramData": {
            "disableIsCollidingBBoxCheck": 1,
            "disableIsCollidingPlayerCheck": 1,
            "disableIsClippingRoofCheck": 1,
            "disableIsBaseViableCheck": 1,
            "disableIsCollidingGPlotCheck": 1,
            "disableIsCollidingAngleCheck": 1,
            "disableIsPlacementPermittedCheck": 1,
            "disableHeightPlacementCheck": 1,
            "disableIsUnderwaterCheck": 1,
            "disableIsInTerrainCheck": 1
        },
        "ConstructionData": {
            "disablePerformRoofCheck": 1,
            "disableIsCollidingCheck": 1,
            "disableDistanceCheck": 1
        }
    },
    "UIData": {
        "use3DMap": 0,
        "HitIndicationData": {
            "hitDirectionOverrideEnabled": 0,
            "hitDirectionBehaviour": 1,
            "hitDirectionStyle": 0,
            "hitDirectionIndicatorColorStr": "0xffbb0a1e",
            "hitDirectionMaxDuration": 2.0,
            "hitDirectionBreakPointRelative": 0.2,
            "hitDirectionScatter": 10.0,
            "hitIndicationPostProcessEnabled": 1
        }
    }
}